<?xml version="1.0" encoding="UTF-8"?>
<objects serializationModel="Studio.02.02.00">
	<object class="AudioFile" id="{71ee88ee-f4d5-4e79-9fa9-3cbb7caf1546}">
		<property name="assetPath">
			<value>Items/Bottle/Glass/glass_bottle_down_bitcrush.mp3</value>
		</property>
		<property name="frequencyInKHz">
			<value>44.0999985</value>
		</property>
		<property name="channelCount">
			<value>2</value>
		</property>
		<property name="length">
			<value>0.52244897959183678</value>
		</property>
		<relationship name="masterAssetFolder">
			<destination>{b01d339b-52ae-482a-a83e-d641917ddd7d}</destination>
		</relationship>
	</object>
</objects>
