<?xml version="1.0" encoding="UTF-8"?>
<objects serializationModel="Studio.02.02.00">
	<object class="AudioFile" id="{96d6d053-9d6c-4dc2-9c0b-d99f34d9eee9}">
		<property name="assetPath">
			<value>Items/Bottle/Glass/glass_bottle_roll_1_bitcrush.mp3</value>
		</property>
		<property name="frequencyInKHz">
			<value>44.0999985</value>
		</property>
		<property name="channelCount">
			<value>2</value>
		</property>
		<property name="length">
			<value>1.6979591836734693</value>
		</property>
		<relationship name="masterAssetFolder">
			<destination>{b01d339b-52ae-482a-a83e-d641917ddd7d}</destination>
		</relationship>
	</object>
</objects>
