<?xml version="1.0" encoding="UTF-8"?>
<objects serializationModel="Studio.02.02.00">
	<object class="AudioFile" id="{9b1b7440-bb28-40dc-a9a9-c0da7abf8b13}">
		<property name="assetPath">
			<value>Step/Wood/step_wood_creaks_bitcrush_2.mp3</value>
		</property>
		<property name="frequencyInKHz">
			<value>44.0999985</value>
		</property>
		<property name="channelCount">
			<value>2</value>
		</property>
		<property name="length">
			<value>0.31346938775510202</value>
		</property>
		<relationship name="masterAssetFolder">
			<destination>{b01d339b-52ae-482a-a83e-d641917ddd7d}</destination>
		</relationship>
	</object>
</objects>
