<?xml version="1.0" encoding="UTF-8"?>
<objects serializationModel="Studio.02.02.00">
	<object class="AudioFile" id="{b50209a4-4fba-40db-875a-7584c12d9359}">
		<property name="assetPath">
			<value>Items/Bottle/Glass/glass_bottle_broke_bitcrush.mp3</value>
		</property>
		<property name="frequencyInKHz">
			<value>44.0999985</value>
		</property>
		<property name="channelCount">
			<value>2</value>
		</property>
		<property name="length">
			<value>1.0187755102040816</value>
		</property>
		<relationship name="masterAssetFolder">
			<destination>{b01d339b-52ae-482a-a83e-d641917ddd7d}</destination>
		</relationship>
	</object>
</objects>
