<?xml version="1.0" encoding="UTF-8"?>
<objects serializationModel="Studio.02.02.00">
	<object class="AudioFile" id="{f7414a34-0b5b-4fc7-97ab-58a7bb9eb92d}">
		<property name="assetPath">
			<value>Items/Bottle/Glass/glass_bottle_open_bitcrush.mp3</value>
		</property>
		<property name="frequencyInKHz">
			<value>44.0999985</value>
		</property>
		<property name="channelCount">
			<value>2</value>
		</property>
		<property name="length">
			<value>0.39183673469387753</value>
		</property>
		<relationship name="masterAssetFolder">
			<destination>{b01d339b-52ae-482a-a83e-d641917ddd7d}</destination>
		</relationship>
	</object>
</objects>
