<?xml version="1.0" encoding="UTF-8"?>
<objects serializationModel="Studio.02.02.00">
	<object class="ParameterPreset" id="{709d1414-4109-449c-96c1-ef53756ead5c}">
		<property name="name">
			<value>All_Step</value>
		</property>
		<relationship name="folder">
			<destination>{0074205a-52d4-457f-9036-769b0a2a932c}</destination>
		</relationship>
		<relationship name="parameter">
			<destination>{8227e285-ce15-4ca9-a333-94250fde5729}</destination>
		</relationship>
	</object>
	<object class="GameParameter" id="{8227e285-ce15-4ca9-a333-94250fde5729}">
		<property name="parameterType">
			<value>2</value>
		</property>
		<property name="maximum">
			<value>10</value>
		</property>
		<property name="enumerationLabels">
			<value>Concrete</value>
			<value>Glass</value>
			<value>Grass</value>
			<value>Gravel</value>
			<value>Ground</value>
			<value>Metall</value>
			<value>Rock</value>
			<value>Wood</value>
			<value>Wood_creaks</value>
			<value>Wood_thud</value>
		</property>
		<property name="initialValue">
			<value>0</value>
		</property>
	</object>
</objects>
