<?xml version="1.0" encoding="UTF-8"?>
<objects serializationModel="Studio.02.02.00">
	<object class="Event" id="{1d046e21-6816-4dfd-94e8-97e041806ab4}">
		<property name="name">
			<value>door_wood_not_open_bitcrush_2</value>
		</property>
		<property name="outputFormat">
			<value>2</value>
		</property>
		<relationship name="folder">
			<destination>{89467943-0206-4fb7-8a8e-c40412df93fc}</destination>
		</relationship>
		<relationship name="mixer">
			<destination>{52cab271-b8e5-439b-a3b3-773f58238510}</destination>
		</relationship>
		<relationship name="masterTrack">
			<destination>{5210b501-fdca-43c7-8bc8-4d476184b2f3}</destination>
		</relationship>
		<relationship name="mixerInput">
			<destination>{25101a1b-61e3-4a1c-a893-c14999dc404e}</destination>
		</relationship>
		<relationship name="automatableProperties">
			<destination>{c397585b-a62e-4dc0-920d-370c05cf217c}</destination>
		</relationship>
		<relationship name="markerTracks">
			<destination>{b9d81778-b62b-4df7-85b0-525d0215046f}</destination>
		</relationship>
		<relationship name="groupTracks">
			<destination>{bc89afab-ed53-4b44-82e8-78380e683922}</destination>
		</relationship>
		<relationship name="timeline">
			<destination>{349020ec-3250-42d8-b0e3-b717071eebdb}</destination>
		</relationship>
		<relationship name="banks">
			<destination>{032e6365-1200-4515-a348-85c0a9f71723}</destination>
		</relationship>
	</object>
	<object class="EventMixer" id="{52cab271-b8e5-439b-a3b3-773f58238510}">
		<relationship name="masterBus">
			<destination>{ad997335-6ac2-400d-9ead-29b173b099dc}</destination>
		</relationship>
	</object>
	<object class="MasterTrack" id="{5210b501-fdca-43c7-8bc8-4d476184b2f3}">
		<relationship name="mixerGroup">
			<destination>{ad997335-6ac2-400d-9ead-29b173b099dc}</destination>
		</relationship>
	</object>
	<object class="MixerInput" id="{25101a1b-61e3-4a1c-a893-c14999dc404e}">
		<relationship name="effectChain">
			<destination>{d804c4db-305f-40d7-bb55-17a6a5182798}</destination>
		</relationship>
		<relationship name="panner">
			<destination>{763721fd-ec41-4754-b7e4-d94c62848493}</destination>
		</relationship>
		<relationship name="output">
			<destination>{17947602-2ebe-4344-9534-dc9ef36d73e5}</destination>
		</relationship>
	</object>
	<object class="EventAutomatableProperties" id="{c397585b-a62e-4dc0-920d-370c05cf217c}" />
	<object class="MarkerTrack" id="{b9d81778-b62b-4df7-85b0-525d0215046f}" />
	<object class="GroupTrack" id="{bc89afab-ed53-4b44-82e8-78380e683922}">
		<relationship name="modules">
			<destination>{d0b56f4e-ed7c-4107-a86f-53fa8eb953e6}</destination>
		</relationship>
		<relationship name="mixerGroup">
			<destination>{2d9271d5-f3a7-416a-ae2d-bc5bf110b643}</destination>
		</relationship>
	</object>
	<object class="Timeline" id="{349020ec-3250-42d8-b0e3-b717071eebdb}">
		<relationship name="modules">
			<destination>{d0b56f4e-ed7c-4107-a86f-53fa8eb953e6}</destination>
		</relationship>
	</object>
	<object class="EventMixerMaster" id="{ad997335-6ac2-400d-9ead-29b173b099dc}">
		<relationship name="effectChain">
			<destination>{e39ee843-b9b9-4486-a41d-90b917abe74c}</destination>
		</relationship>
		<relationship name="panner">
			<destination>{d163563e-c3b5-4d20-a0b5-4e39fc3e9313}</destination>
		</relationship>
		<relationship name="mixer">
			<destination>{52cab271-b8e5-439b-a3b3-773f58238510}</destination>
		</relationship>
	</object>
	<object class="MixerBusEffectChain" id="{d804c4db-305f-40d7-bb55-17a6a5182798}">
		<relationship name="effects">
			<destination>{3905d550-0556-4559-93f1-93dc18ffb0fc}</destination>
		</relationship>
	</object>
	<object class="MixerBusPanner" id="{763721fd-ec41-4754-b7e4-d94c62848493}" />
	<object class="SingleSound" id="{d0b56f4e-ed7c-4107-a86f-53fa8eb953e6}">
		<property name="length">
			<value>0.83591836734693881</value>
		</property>
		<relationship name="audioFile">
			<destination>{e04adfa6-35da-4744-87f1-821a2c72def3}</destination>
		</relationship>
	</object>
	<object class="EventMixerGroup" id="{2d9271d5-f3a7-416a-ae2d-bc5bf110b643}">
		<property name="name">
			<value>Audio 1</value>
		</property>
		<relationship name="effectChain">
			<destination>{247c5c6c-3533-48d7-9e53-ca091714537c}</destination>
		</relationship>
		<relationship name="panner">
			<destination>{a08d1935-1cc6-4f8c-ad67-47d2c502c589}</destination>
		</relationship>
		<relationship name="output">
			<destination>{ad997335-6ac2-400d-9ead-29b173b099dc}</destination>
		</relationship>
	</object>
	<object class="MixerBusEffectChain" id="{e39ee843-b9b9-4486-a41d-90b917abe74c}">
		<relationship name="effects">
			<destination>{7fb574f9-5fa8-473d-a705-1204d2f43a0d}</destination>
			<destination>{f061c707-4220-4691-ae83-35d8c35c1000}</destination>
		</relationship>
	</object>
	<object class="MixerBusPanner" id="{d163563e-c3b5-4d20-a0b5-4e39fc3e9313}" />
	<object class="MixerBusFader" id="{3905d550-0556-4559-93f1-93dc18ffb0fc}" />
	<object class="MixerBusEffectChain" id="{247c5c6c-3533-48d7-9e53-ca091714537c}">
		<relationship name="effects">
			<destination>{9e2ba03e-916e-4a19-b59e-87cc8cbd1762}</destination>
		</relationship>
	</object>
	<object class="MixerBusPanner" id="{a08d1935-1cc6-4f8c-ad67-47d2c502c589}" />
	<object class="MixerBusFader" id="{7fb574f9-5fa8-473d-a705-1204d2f43a0d}" />
	<object class="SpatialiserEffect" id="{f061c707-4220-4691-ae83-35d8c35c1000}" />
	<object class="MixerBusFader" id="{9e2ba03e-916e-4a19-b59e-87cc8cbd1762}" />
</objects>
