<?xml version="1.0" encoding="UTF-8"?>
<objects serializationModel="Studio.02.02.00">
	<object class="Event" id="{2e1f7656-5390-44b8-ac15-161008c27cea}">
		<property name="name">
			<value>step_glass_bitcrush_1</value>
		</property>
		<property name="outputFormat">
			<value>1</value>
		</property>
		<relationship name="folder">
			<destination>{2bf55203-c2fc-4ed3-9454-5950f51a1727}</destination>
		</relationship>
		<relationship name="mixer">
			<destination>{506ee085-088d-4b06-bedc-40cb13974538}</destination>
		</relationship>
		<relationship name="masterTrack">
			<destination>{32cecd80-e10e-40c7-9c0d-73eb139076d1}</destination>
		</relationship>
		<relationship name="mixerInput">
			<destination>{4db838a1-df21-47cd-86c5-e8f50e44ec84}</destination>
		</relationship>
		<relationship name="automatableProperties">
			<destination>{65167f93-d036-4bec-a025-2ba66f7eb8ff}</destination>
		</relationship>
		<relationship name="markerTracks">
			<destination>{3e1b9135-f511-4e14-8a13-866c4b93059c}</destination>
		</relationship>
		<relationship name="groupTracks">
			<destination>{44c22964-87e2-40f2-9e69-d7ea8c58ea88}</destination>
		</relationship>
		<relationship name="timeline">
			<destination>{6d89ffb0-4e9e-4852-b5af-f0673d00fd80}</destination>
		</relationship>
		<relationship name="banks">
			<destination>{032e6365-1200-4515-a348-85c0a9f71723}</destination>
		</relationship>
	</object>
	<object class="EventMixer" id="{506ee085-088d-4b06-bedc-40cb13974538}">
		<relationship name="masterBus">
			<destination>{3a43c8d6-405b-452d-af43-402b55df11f4}</destination>
		</relationship>
	</object>
	<object class="MasterTrack" id="{32cecd80-e10e-40c7-9c0d-73eb139076d1}">
		<relationship name="mixerGroup">
			<destination>{3a43c8d6-405b-452d-af43-402b55df11f4}</destination>
		</relationship>
	</object>
	<object class="MixerInput" id="{4db838a1-df21-47cd-86c5-e8f50e44ec84}">
		<relationship name="effectChain">
			<destination>{9f80c2d5-0b3a-4d43-90b2-2b6f6b1ee9a3}</destination>
		</relationship>
		<relationship name="panner">
			<destination>{c113c180-b956-4fec-b50b-2fe8b57e4e44}</destination>
		</relationship>
		<relationship name="output">
			<destination>{17947602-2ebe-4344-9534-dc9ef36d73e5}</destination>
		</relationship>
	</object>
	<object class="EventAutomatableProperties" id="{65167f93-d036-4bec-a025-2ba66f7eb8ff}" />
	<object class="MarkerTrack" id="{3e1b9135-f511-4e14-8a13-866c4b93059c}" />
	<object class="GroupTrack" id="{44c22964-87e2-40f2-9e69-d7ea8c58ea88}">
		<relationship name="modules">
			<destination>{90813270-2db2-4293-9f5d-ea34f87af85a}</destination>
		</relationship>
		<relationship name="mixerGroup">
			<destination>{9cb3ba4e-ebee-40d7-9046-875a58211260}</destination>
		</relationship>
	</object>
	<object class="Timeline" id="{6d89ffb0-4e9e-4852-b5af-f0673d00fd80}">
		<relationship name="modules">
			<destination>{90813270-2db2-4293-9f5d-ea34f87af85a}</destination>
		</relationship>
	</object>
	<object class="EventMixerMaster" id="{3a43c8d6-405b-452d-af43-402b55df11f4}">
		<relationship name="effectChain">
			<destination>{54dbf013-3b27-405f-96e9-7d083bdefeaf}</destination>
		</relationship>
		<relationship name="panner">
			<destination>{1f8deecb-3e8e-4666-80ef-fde3b4f18a3b}</destination>
		</relationship>
		<relationship name="mixer">
			<destination>{506ee085-088d-4b06-bedc-40cb13974538}</destination>
		</relationship>
	</object>
	<object class="MixerBusEffectChain" id="{9f80c2d5-0b3a-4d43-90b2-2b6f6b1ee9a3}">
		<relationship name="effects">
			<destination>{c1761a13-58da-486f-a50f-17ded2265e89}</destination>
		</relationship>
	</object>
	<object class="MixerBusPanner" id="{c113c180-b956-4fec-b50b-2fe8b57e4e44}" />
	<object class="SingleSound" id="{90813270-2db2-4293-9f5d-ea34f87af85a}">
		<property name="length">
			<value>0.39183673469387753</value>
		</property>
		<relationship name="audioFile">
			<destination>{8af12014-90f8-4120-ba1f-7b537a868752}</destination>
		</relationship>
	</object>
	<object class="EventMixerGroup" id="{9cb3ba4e-ebee-40d7-9046-875a58211260}">
		<property name="name">
			<value>Audio 1</value>
		</property>
		<relationship name="effectChain">
			<destination>{386ec33f-478a-46fd-95fe-120eaa126394}</destination>
		</relationship>
		<relationship name="panner">
			<destination>{f588d34b-d6e4-413b-8dcc-2915a3db9668}</destination>
		</relationship>
		<relationship name="output">
			<destination>{3a43c8d6-405b-452d-af43-402b55df11f4}</destination>
		</relationship>
	</object>
	<object class="MixerBusEffectChain" id="{54dbf013-3b27-405f-96e9-7d083bdefeaf}">
		<relationship name="effects">
			<destination>{95b3104d-ebaa-41e8-8d50-465c1e939ceb}</destination>
		</relationship>
	</object>
	<object class="MixerBusPanner" id="{1f8deecb-3e8e-4666-80ef-fde3b4f18a3b}" />
	<object class="MixerBusFader" id="{c1761a13-58da-486f-a50f-17ded2265e89}" />
	<object class="MixerBusEffectChain" id="{386ec33f-478a-46fd-95fe-120eaa126394}">
		<relationship name="effects">
			<destination>{2ca03e6f-dc84-4b5d-b029-b8b8e8569f1a}</destination>
		</relationship>
	</object>
	<object class="MixerBusPanner" id="{f588d34b-d6e4-413b-8dcc-2915a3db9668}" />
	<object class="MixerBusFader" id="{95b3104d-ebaa-41e8-8d50-465c1e939ceb}" />
	<object class="MixerBusFader" id="{2ca03e6f-dc84-4b5d-b029-b8b8e8569f1a}" />
</objects>
