<?xml version="1.0" encoding="UTF-8"?>
<objects serializationModel="Studio.02.02.00">
	<object class="Event" id="{6dd5d40c-61aa-46f0-9c70-b3db1cb7dd79}">
		<property name="name">
			<value>Wind_Loop</value>
		</property>
		<property name="outputFormat">
			<value>2</value>
		</property>
		<relationship name="folder">
			<destination>{1c05bf0c-4681-4663-b1a0-8e7161e744d1}</destination>
		</relationship>
		<relationship name="mixer">
			<destination>{2597f8be-7b00-4a57-b4d6-17f336cedff6}</destination>
		</relationship>
		<relationship name="masterTrack">
			<destination>{36d24bce-4b4a-446c-8b16-ab421a8634ab}</destination>
		</relationship>
		<relationship name="mixerInput">
			<destination>{60d3707d-a7d6-4183-aa33-80b572be3253}</destination>
		</relationship>
		<relationship name="automatableProperties">
			<destination>{70e899c9-3092-43ac-add4-0333474b3355}</destination>
		</relationship>
		<relationship name="markerTracks">
			<destination>{bcf851b7-1729-4e70-90f0-eb86f3f61836}</destination>
			<destination>{ed64325a-a2a7-43c2-a33e-d0b258dec70b}</destination>
		</relationship>
		<relationship name="groupTracks">
			<destination>{a1e03271-3164-4747-a4a2-b37f4f26da1f}</destination>
			<destination>{f164a3bb-1281-4235-9974-a6f5d0c9ea62}</destination>
		</relationship>
		<relationship name="timeline">
			<destination>{aeef08db-403b-49c8-9f85-bcfaf58300ae}</destination>
		</relationship>
		<relationship name="banks">
			<destination>{032e6365-1200-4515-a348-85c0a9f71723}</destination>
		</relationship>
	</object>
	<object class="EventMixer" id="{2597f8be-7b00-4a57-b4d6-17f336cedff6}">
		<relationship name="masterBus">
			<destination>{e7adf1d5-1224-47c2-8503-6dfd8a1a7781}</destination>
		</relationship>
	</object>
	<object class="MasterTrack" id="{36d24bce-4b4a-446c-8b16-ab421a8634ab}">
		<relationship name="modules">
			<destination>{1a19f9b5-c7e4-43c0-b3f3-1a7dcf50ba59}</destination>
			<destination>{d7294ce8-f242-40aa-9bef-462f9c7a470b}</destination>
		</relationship>
		<relationship name="mixerGroup">
			<destination>{e7adf1d5-1224-47c2-8503-6dfd8a1a7781}</destination>
		</relationship>
	</object>
	<object class="MixerInput" id="{60d3707d-a7d6-4183-aa33-80b572be3253}">
		<relationship name="effectChain">
			<destination>{9e0a9cad-378c-4fc2-85dd-6b2ed1adf87d}</destination>
		</relationship>
		<relationship name="panner">
			<destination>{0bb3895f-ad43-4c85-b216-44df72c954dd}</destination>
		</relationship>
		<relationship name="output">
			<destination>{17947602-2ebe-4344-9534-dc9ef36d73e5}</destination>
		</relationship>
	</object>
	<object class="EventAutomatableProperties" id="{70e899c9-3092-43ac-add4-0333474b3355}" />
	<object class="MarkerTrack" id="{bcf851b7-1729-4e70-90f0-eb86f3f61836}" />
	<object class="MarkerTrack" id="{ed64325a-a2a7-43c2-a33e-d0b258dec70b}" />
	<object class="GroupTrack" id="{a1e03271-3164-4747-a4a2-b37f4f26da1f}">
		<relationship name="modules">
			<destination>{dfd79880-9426-4504-828a-2cfc0fc96371}</destination>
			<destination>{c528ebb8-434a-406e-b86c-082841d91563}</destination>
			<destination>{5b7d6b15-af6c-4534-b190-d133a46d75ee}</destination>
		</relationship>
		<relationship name="mixerGroup">
			<destination>{d43de94c-ff94-4522-9bc6-8ebd6a3b67a6}</destination>
		</relationship>
	</object>
	<object class="GroupTrack" id="{f164a3bb-1281-4235-9974-a6f5d0c9ea62}">
		<relationship name="modules">
			<destination>{014f8dac-1491-45c7-a8da-56ca0d9efd9a}</destination>
			<destination>{adbd8b63-07fe-4972-aa5d-bdec59111c87}</destination>
			<destination>{605a4ee1-c9c8-4d68-bb72-0149c36e3722}</destination>
			<destination>{0ea5eb49-9b6e-41e1-a77c-d56014e394ed}</destination>
			<destination>{f909a541-0800-4622-b6a2-b79bbf5baea0}</destination>
			<destination>{dc784f07-af93-4643-9b9e-d7e2b3c7c57e}</destination>
			<destination>{602b6cc9-e25f-47b0-87e3-93bcea959a9b}</destination>
			<destination>{2ce5d70c-14f1-495a-84f3-1b99addb4b4b}</destination>
			<destination>{ed8b2c09-7a36-47bf-bbc3-e37957a540b1}</destination>
			<destination>{167d5627-57f2-4841-b854-bbb5339520e2}</destination>
			<destination>{1bb2d9be-1259-4a26-94dc-d800c7e28860}</destination>
			<destination>{70bbd759-544e-461b-87b7-37fd8074bab7}</destination>
			<destination>{da183d1f-813e-48cf-99a9-913fd7db0ba2}</destination>
			<destination>{f81fc9e4-26a4-46f8-8d5e-1ff23fd0c38b}</destination>
		</relationship>
		<relationship name="mixerGroup">
			<destination>{56ece151-a33a-414a-bd1d-27661fdf5d21}</destination>
		</relationship>
	</object>
	<object class="Timeline" id="{aeef08db-403b-49c8-9f85-bcfaf58300ae}">
		<relationship name="modules">
			<destination>{dfd79880-9426-4504-828a-2cfc0fc96371}</destination>
			<destination>{014f8dac-1491-45c7-a8da-56ca0d9efd9a}</destination>
			<destination>{adbd8b63-07fe-4972-aa5d-bdec59111c87}</destination>
			<destination>{f909a541-0800-4622-b6a2-b79bbf5baea0}</destination>
			<destination>{dc784f07-af93-4643-9b9e-d7e2b3c7c57e}</destination>
			<destination>{602b6cc9-e25f-47b0-87e3-93bcea959a9b}</destination>
			<destination>{2ce5d70c-14f1-495a-84f3-1b99addb4b4b}</destination>
			<destination>{ed8b2c09-7a36-47bf-bbc3-e37957a540b1}</destination>
			<destination>{167d5627-57f2-4841-b854-bbb5339520e2}</destination>
			<destination>{1bb2d9be-1259-4a26-94dc-d800c7e28860}</destination>
			<destination>{70bbd759-544e-461b-87b7-37fd8074bab7}</destination>
			<destination>{da183d1f-813e-48cf-99a9-913fd7db0ba2}</destination>
			<destination>{f81fc9e4-26a4-46f8-8d5e-1ff23fd0c38b}</destination>
		</relationship>
		<relationship name="markers">
			<destination>{523a532d-5c9c-4ce3-a772-6333d71bb1f0}</destination>
			<destination>{8a070f2d-7982-44ea-9b0e-a8c1f5bebbc4}</destination>
		</relationship>
	</object>
	<object class="EventMixerMaster" id="{e7adf1d5-1224-47c2-8503-6dfd8a1a7781}">
		<relationship name="effectChain">
			<destination>{b43e7859-5e9b-4b35-8ea4-d94a5cf56be2}</destination>
		</relationship>
		<relationship name="panner">
			<destination>{3550cac4-7b1b-4366-aa0b-e7bcb9b4bb15}</destination>
		</relationship>
		<relationship name="mixer">
			<destination>{2597f8be-7b00-4a57-b4d6-17f336cedff6}</destination>
		</relationship>
	</object>
	<object class="TransitionSourceSound" id="{1a19f9b5-c7e4-43c0-b3f3-1a7dcf50ba59}">
		<property name="length">
			<value>0</value>
		</property>
	</object>
	<object class="TransitionDestinationSound" id="{d7294ce8-f242-40aa-9bef-462f9c7a470b}">
		<property name="start">
			<value>6</value>
		</property>
		<property name="length">
			<value>0</value>
		</property>
	</object>
	<object class="MixerBusEffectChain" id="{9e0a9cad-378c-4fc2-85dd-6b2ed1adf87d}">
		<relationship name="effects">
			<destination>{b14e5a8f-e200-47f9-93b7-ff013496ab39}</destination>
		</relationship>
	</object>
	<object class="MixerBusPanner" id="{0bb3895f-ad43-4c85-b216-44df72c954dd}" />
	<object class="SingleSound" id="{dfd79880-9426-4504-828a-2cfc0fc96371}">
		<property name="length">
			<value>518.5567346938775</value>
		</property>
		<property name="volume">
			<value>-10</value>
		</property>
		<relationship name="audioFile">
			<destination>{b1da9811-9824-49a8-8fcc-7240533362b1}</destination>
		</relationship>
	</object>
	<object class="TransitionSourceSound" id="{c528ebb8-434a-406e-b86c-082841d91563}">
		<property name="length">
			<value>6</value>
		</property>
		<relationship name="fadeOutCurve">
			<destination>{59a1362c-155a-46ff-98ee-82fa871f85a4}</destination>
		</relationship>
	</object>
	<object class="TransitionDestinationSound" id="{5b7d6b15-af6c-4534-b190-d133a46d75ee}">
		<property name="length">
			<value>6</value>
		</property>
		<relationship name="fadeInCurve">
			<destination>{a3d5e560-4196-4b45-b93c-45441aae9972}</destination>
		</relationship>
	</object>
	<object class="EventMixerGroup" id="{d43de94c-ff94-4522-9bc6-8ebd6a3b67a6}">
		<property name="name">
			<value>Audio 1</value>
		</property>
		<relationship name="effectChain">
			<destination>{f38c466c-29f5-4044-badb-7224a93e101a}</destination>
		</relationship>
		<relationship name="panner">
			<destination>{2b629dd5-4846-4188-bcc9-917952a93ad4}</destination>
		</relationship>
		<relationship name="output">
			<destination>{e7adf1d5-1224-47c2-8503-6dfd8a1a7781}</destination>
		</relationship>
	</object>
	<object class="SoundScatterer" id="{014f8dac-1491-45c7-a8da-56ca0d9efd9a}">
		<property name="triggerProbabilityEnabled">
			<value>true</value>
		</property>
		<property name="triggerProbability">
			<value>69.5</value>
		</property>
		<property name="start">
			<value>20</value>
		</property>
		<property name="length">
			<value>10</value>
		</property>
		<property name="name">
			<value>Cricket</value>
		</property>
		<property name="volume">
			<value>-10.5</value>
		</property>
		<property name="minimumTimeBetweenSounds">
			<value>9500</value>
		</property>
		<property name="maximumTimeBetweenSounds">
			<value>28000</value>
		</property>
		<property name="minimumScatterDistance">
			<value>7.20000029</value>
		</property>
		<relationship name="sound">
			<destination>{de939f83-5316-4227-8c9f-521098eaf162}</destination>
		</relationship>
	</object>
	<object class="SoundScatterer" id="{adbd8b63-07fe-4972-aa5d-bdec59111c87}">
		<property name="triggerProbabilityEnabled">
			<value>true</value>
		</property>
		<property name="triggerProbability">
			<value>69.5</value>
		</property>
		<property name="start">
			<value>60</value>
		</property>
		<property name="length">
			<value>10</value>
		</property>
		<property name="name">
			<value>Owl</value>
		</property>
		<property name="volume">
			<value>-4</value>
		</property>
		<property name="minimumTimeBetweenSounds">
			<value>10000</value>
		</property>
		<property name="maximumTimeBetweenSounds">
			<value>28000</value>
		</property>
		<property name="minimumScatterDistance">
			<value>7.5999999</value>
		</property>
		<property name="maximumScatterDistance">
			<value>40</value>
		</property>
		<relationship name="fadeOutCurve">
			<destination>{d915bf73-86e5-41a9-a856-a565a6c56a09}</destination>
		</relationship>
		<relationship name="sound">
			<destination>{4d64337e-c8b5-4e51-8628-f5aa109065af}</destination>
		</relationship>
	</object>
	<object class="TransitionSourceSound" id="{605a4ee1-c9c8-4d68-bb72-0149c36e3722}">
		<property name="length">
			<value>0</value>
		</property>
	</object>
	<object class="TransitionDestinationSound" id="{0ea5eb49-9b6e-41e1-a77c-d56014e394ed}">
		<property name="start">
			<value>6</value>
		</property>
		<property name="length">
			<value>0</value>
		</property>
	</object>
	<object class="SoundScatterer" id="{f909a541-0800-4622-b6a2-b79bbf5baea0}">
		<property name="triggerProbabilityEnabled">
			<value>true</value>
		</property>
		<property name="triggerProbability">
			<value>69.5</value>
		</property>
		<property name="start">
			<value>139.83474541586332</value>
		</property>
		<property name="length">
			<value>10</value>
		</property>
		<property name="name">
			<value>Owl</value>
		</property>
		<property name="volume">
			<value>-4</value>
		</property>
		<property name="minimumTimeBetweenSounds">
			<value>10000</value>
		</property>
		<property name="maximumTimeBetweenSounds">
			<value>28000</value>
		</property>
		<property name="minimumScatterDistance">
			<value>7.5999999</value>
		</property>
		<property name="maximumScatterDistance">
			<value>40</value>
		</property>
		<relationship name="fadeOutCurve">
			<destination>{7c2addb1-07f9-480e-85ea-ae803ebaefa9}</destination>
		</relationship>
		<relationship name="sound">
			<destination>{63f132a4-a7fc-469d-85ce-b4035229374c}</destination>
		</relationship>
	</object>
	<object class="SoundScatterer" id="{dc784f07-af93-4643-9b9e-d7e2b3c7c57e}">
		<property name="triggerProbabilityEnabled">
			<value>true</value>
		</property>
		<property name="triggerProbability">
			<value>69.5</value>
		</property>
		<property name="start">
			<value>99.834745415863324</value>
		</property>
		<property name="length">
			<value>10</value>
		</property>
		<property name="name">
			<value>Cricket</value>
		</property>
		<property name="volume">
			<value>-10.5</value>
		</property>
		<property name="minimumTimeBetweenSounds">
			<value>9500</value>
		</property>
		<property name="maximumTimeBetweenSounds">
			<value>28000</value>
		</property>
		<property name="minimumScatterDistance">
			<value>7.20000029</value>
		</property>
		<relationship name="sound">
			<destination>{6ae4c9b8-7c00-4582-ad73-e6a71d3fb928}</destination>
		</relationship>
	</object>
	<object class="SoundScatterer" id="{602b6cc9-e25f-47b0-87e3-93bcea959a9b}">
		<property name="triggerProbabilityEnabled">
			<value>true</value>
		</property>
		<property name="triggerProbability">
			<value>69.5</value>
		</property>
		<property name="start">
			<value>220.30862114736865</value>
		</property>
		<property name="length">
			<value>10</value>
		</property>
		<property name="name">
			<value>Owl</value>
		</property>
		<property name="volume">
			<value>-4</value>
		</property>
		<property name="minimumTimeBetweenSounds">
			<value>10000</value>
		</property>
		<property name="maximumTimeBetweenSounds">
			<value>28000</value>
		</property>
		<property name="minimumScatterDistance">
			<value>7.5999999</value>
		</property>
		<property name="maximumScatterDistance">
			<value>40</value>
		</property>
		<relationship name="fadeOutCurve">
			<destination>{2d4ee659-5bdb-44d8-b973-07e9b5d9e787}</destination>
		</relationship>
		<relationship name="sound">
			<destination>{ced44f1b-9d18-40e2-9c4c-b6b3dccbf5b6}</destination>
		</relationship>
	</object>
	<object class="SoundScatterer" id="{2ce5d70c-14f1-495a-84f3-1b99addb4b4b}">
		<property name="triggerProbabilityEnabled">
			<value>true</value>
		</property>
		<property name="triggerProbability">
			<value>69.5</value>
		</property>
		<property name="start">
			<value>180.30862114736865</value>
		</property>
		<property name="length">
			<value>10</value>
		</property>
		<property name="name">
			<value>Cricket</value>
		</property>
		<property name="volume">
			<value>-10.5</value>
		</property>
		<property name="minimumTimeBetweenSounds">
			<value>9500</value>
		</property>
		<property name="maximumTimeBetweenSounds">
			<value>28000</value>
		</property>
		<property name="minimumScatterDistance">
			<value>7.20000029</value>
		</property>
		<relationship name="sound">
			<destination>{c54d5588-00ab-498a-b58a-bf27cd118473}</destination>
		</relationship>
	</object>
	<object class="SoundScatterer" id="{ed8b2c09-7a36-47bf-bbc3-e37957a540b1}">
		<property name="triggerProbabilityEnabled">
			<value>true</value>
		</property>
		<property name="triggerProbability">
			<value>69.5</value>
		</property>
		<property name="start">
			<value>303.1394723187089</value>
		</property>
		<property name="length">
			<value>10</value>
		</property>
		<property name="name">
			<value>Owl</value>
		</property>
		<property name="volume">
			<value>-4</value>
		</property>
		<property name="minimumTimeBetweenSounds">
			<value>10000</value>
		</property>
		<property name="maximumTimeBetweenSounds">
			<value>28000</value>
		</property>
		<property name="minimumScatterDistance">
			<value>7.5999999</value>
		</property>
		<property name="maximumScatterDistance">
			<value>40</value>
		</property>
		<relationship name="fadeOutCurve">
			<destination>{21a45030-31f2-4f4b-9629-e55ef9457e38}</destination>
		</relationship>
		<relationship name="sound">
			<destination>{34776dcb-46e2-4a26-8a89-07788885c278}</destination>
		</relationship>
	</object>
	<object class="SoundScatterer" id="{167d5627-57f2-4841-b854-bbb5339520e2}">
		<property name="triggerProbabilityEnabled">
			<value>true</value>
		</property>
		<property name="triggerProbability">
			<value>69.5</value>
		</property>
		<property name="start">
			<value>263.1394723187089</value>
		</property>
		<property name="length">
			<value>10</value>
		</property>
		<property name="name">
			<value>Cricket</value>
		</property>
		<property name="volume">
			<value>-10.5</value>
		</property>
		<property name="minimumTimeBetweenSounds">
			<value>9500</value>
		</property>
		<property name="maximumTimeBetweenSounds">
			<value>28000</value>
		</property>
		<property name="minimumScatterDistance">
			<value>7.20000029</value>
		</property>
		<relationship name="sound">
			<destination>{e190fbf0-2bbc-4275-8583-7cd8d0c29f3f}</destination>
		</relationship>
	</object>
	<object class="SoundScatterer" id="{1bb2d9be-1259-4a26-94dc-d800c7e28860}">
		<property name="triggerProbabilityEnabled">
			<value>true</value>
		</property>
		<property name="triggerProbability">
			<value>69.5</value>
		</property>
		<property name="start">
			<value>391.02098514683814</value>
		</property>
		<property name="length">
			<value>10</value>
		</property>
		<property name="name">
			<value>Owl</value>
		</property>
		<property name="volume">
			<value>-4</value>
		</property>
		<property name="minimumTimeBetweenSounds">
			<value>10000</value>
		</property>
		<property name="maximumTimeBetweenSounds">
			<value>28000</value>
		</property>
		<property name="minimumScatterDistance">
			<value>7.5999999</value>
		</property>
		<property name="maximumScatterDistance">
			<value>40</value>
		</property>
		<relationship name="fadeOutCurve">
			<destination>{b81e98a6-a9ea-4242-8760-581db5aab87a}</destination>
		</relationship>
		<relationship name="sound">
			<destination>{1aeba18b-1964-46f9-b41c-b58ff905f785}</destination>
		</relationship>
	</object>
	<object class="SoundScatterer" id="{70bbd759-544e-461b-87b7-37fd8074bab7}">
		<property name="triggerProbabilityEnabled">
			<value>true</value>
		</property>
		<property name="triggerProbability">
			<value>69.5</value>
		</property>
		<property name="start">
			<value>351.02098514683814</value>
		</property>
		<property name="length">
			<value>10</value>
		</property>
		<property name="name">
			<value>Cricket</value>
		</property>
		<property name="volume">
			<value>-10.5</value>
		</property>
		<property name="minimumTimeBetweenSounds">
			<value>9500</value>
		</property>
		<property name="maximumTimeBetweenSounds">
			<value>28000</value>
		</property>
		<property name="minimumScatterDistance">
			<value>7.20000029</value>
		</property>
		<relationship name="sound">
			<destination>{a6aab6f6-a530-4f78-abf6-ffdce2149562}</destination>
		</relationship>
	</object>
	<object class="SoundScatterer" id="{da183d1f-813e-48cf-99a9-913fd7db0ba2}">
		<property name="triggerProbabilityEnabled">
			<value>true</value>
		</property>
		<property name="triggerProbability">
			<value>69.5</value>
		</property>
		<property name="start">
			<value>481.59618419192157</value>
		</property>
		<property name="length">
			<value>10</value>
		</property>
		<property name="name">
			<value>Owl</value>
		</property>
		<property name="volume">
			<value>-4</value>
		</property>
		<property name="minimumTimeBetweenSounds">
			<value>10000</value>
		</property>
		<property name="maximumTimeBetweenSounds">
			<value>28000</value>
		</property>
		<property name="minimumScatterDistance">
			<value>7.5999999</value>
		</property>
		<property name="maximumScatterDistance">
			<value>40</value>
		</property>
		<relationship name="fadeOutCurve">
			<destination>{ae95ec9f-6159-4da2-b882-7c3c0638e8f3}</destination>
		</relationship>
		<relationship name="sound">
			<destination>{d23e07e6-f616-4a82-bc80-08ec74121d83}</destination>
		</relationship>
	</object>
	<object class="SoundScatterer" id="{f81fc9e4-26a4-46f8-8d5e-1ff23fd0c38b}">
		<property name="triggerProbabilityEnabled">
			<value>true</value>
		</property>
		<property name="triggerProbability">
			<value>69.5</value>
		</property>
		<property name="start">
			<value>441.59618419192157</value>
		</property>
		<property name="length">
			<value>10</value>
		</property>
		<property name="name">
			<value>Cricket</value>
		</property>
		<property name="volume">
			<value>-10.5</value>
		</property>
		<property name="minimumTimeBetweenSounds">
			<value>9500</value>
		</property>
		<property name="maximumTimeBetweenSounds">
			<value>28000</value>
		</property>
		<property name="minimumScatterDistance">
			<value>7.20000029</value>
		</property>
		<relationship name="sound">
			<destination>{57b9ce1c-9463-42ae-808d-e3bce526ae11}</destination>
		</relationship>
	</object>
	<object class="EventMixerGroup" id="{56ece151-a33a-414a-bd1d-27661fdf5d21}">
		<property name="name">
			<value>Audio 2</value>
		</property>
		<relationship name="effectChain">
			<destination>{9579ecc5-5bde-4dae-af0b-fe3839031043}</destination>
		</relationship>
		<relationship name="panner">
			<destination>{e403b9d3-6976-4a62-9a5c-c5f025a0ebc6}</destination>
		</relationship>
		<relationship name="output">
			<destination>{e7adf1d5-1224-47c2-8503-6dfd8a1a7781}</destination>
		</relationship>
	</object>
	<object class="NamedMarker" id="{523a532d-5c9c-4ce3-a772-6333d71bb1f0}">
		<property name="position">
			<value>0.070000000000000007</value>
		</property>
		<property name="name">
			<value>Start</value>
		</property>
		<relationship name="timeline">
			<destination>{aeef08db-403b-49c8-9f85-bcfaf58300ae}</destination>
		</relationship>
		<relationship name="markerTrack">
			<destination>{bcf851b7-1729-4e70-90f0-eb86f3f61836}</destination>
		</relationship>
	</object>
	<object class="TransitionMarker" id="{8a070f2d-7982-44ea-9b0e-a8c1f5bebbc4}">
		<property name="position">
			<value>512</value>
		</property>
		<relationship name="timeline">
			<destination>{aeef08db-403b-49c8-9f85-bcfaf58300ae}</destination>
		</relationship>
		<relationship name="markerTrack">
			<destination>{ed64325a-a2a7-43c2-a33e-d0b258dec70b}</destination>
		</relationship>
		<relationship name="transitionTimeline">
			<destination>{ccb6e3b5-9fe1-40c8-9f92-09fe721dc175}</destination>
		</relationship>
		<relationship name="destination">
			<destination>{523a532d-5c9c-4ce3-a772-6333d71bb1f0}</destination>
		</relationship>
	</object>
	<object class="MixerBusEffectChain" id="{b43e7859-5e9b-4b35-8ea4-d94a5cf56be2}">
		<relationship name="effects">
			<destination>{73292529-6004-4e34-9d42-c3c6a4173d16}</destination>
			<destination>{617b4951-e2fa-45ae-8b7a-21bb8b1265dc}</destination>
		</relationship>
	</object>
	<object class="MixerBusPanner" id="{3550cac4-7b1b-4366-aa0b-e7bcb9b4bb15}" />
	<object class="MixerBusFader" id="{b14e5a8f-e200-47f9-93b7-ff013496ab39}" />
	<object class="TransitionSourceFadeOutCurve" id="{59a1362c-155a-46ff-98ee-82fa871f85a4}">
		<relationship name="startPoint">
			<destination>{b6dd352c-9124-409c-a8e0-758a096780ed}</destination>
		</relationship>
		<relationship name="endPoint">
			<destination>{60e1e67d-0f2a-4f41-96f6-e5c6a6740154}</destination>
		</relationship>
		<relationship name="relatedModule">
			<destination>{5b7d6b15-af6c-4534-b190-d133a46d75ee}</destination>
		</relationship>
	</object>
	<object class="TransitionDestinationFadeInCurve" id="{a3d5e560-4196-4b45-b93c-45441aae9972}">
		<relationship name="startPoint">
			<destination>{0b342456-c3af-44f6-a9da-0af836a227c2}</destination>
		</relationship>
		<relationship name="endPoint">
			<destination>{045e7d84-8c23-4522-adf5-3601037f11e2}</destination>
		</relationship>
		<relationship name="relatedModule">
			<destination>{c528ebb8-434a-406e-b86c-082841d91563}</destination>
		</relationship>
	</object>
	<object class="MixerBusEffectChain" id="{f38c466c-29f5-4044-badb-7224a93e101a}">
		<relationship name="effects">
			<destination>{3a1ca6d6-2315-4cb5-a978-ab13a7ec3074}</destination>
		</relationship>
	</object>
	<object class="MixerBusPanner" id="{2b629dd5-4846-4188-bcc9-917952a93ad4}" />
	<object class="MultiSound" id="{de939f83-5316-4227-8c9f-521098eaf162}">
		<relationship name="sounds">
			<destination>{464d5fde-9eaf-4894-9195-9799702b1915}</destination>
			<destination>{f28c3fb5-d1ab-467b-8d34-7560bec784a8}</destination>
			<destination>{07a68927-5509-468c-b2cd-4485197310ef}</destination>
			<destination>{e08fd6e2-2335-4c76-a1cb-0890cb4b01f8}</destination>
		</relationship>
	</object>
	<object class="FadeCurve" id="{d915bf73-86e5-41a9-a856-a565a6c56a09}">
		<relationship name="startPoint">
			<destination>{5fdf09da-f344-4ae7-8bba-218b2bad673e}</destination>
		</relationship>
		<relationship name="endPoint">
			<destination>{31eb2cbc-35fa-4119-a9d8-09c0bb3819bb}</destination>
		</relationship>
	</object>
	<object class="MultiSound" id="{4d64337e-c8b5-4e51-8628-f5aa109065af}">
		<relationship name="sounds">
			<destination>{d0ffae5e-1a49-4266-a2df-3829123332d1}</destination>
			<destination>{1e922e1b-06d9-41c1-9ed1-71cf38565a99}</destination>
			<destination>{28e7826c-c6c1-4e08-b43e-01b79b8103e6}</destination>
			<destination>{45169509-4c4b-4607-bae5-d8596637febf}</destination>
		</relationship>
	</object>
	<object class="FadeCurve" id="{7c2addb1-07f9-480e-85ea-ae803ebaefa9}">
		<relationship name="startPoint">
			<destination>{e87dcb7c-16b8-41b7-b3ce-9bce06533b3f}</destination>
		</relationship>
		<relationship name="endPoint">
			<destination>{ec003ba2-ff8d-4363-83ee-1ccdf901df2c}</destination>
		</relationship>
	</object>
	<object class="MultiSound" id="{63f132a4-a7fc-469d-85ce-b4035229374c}">
		<relationship name="sounds">
			<destination>{a58a96d7-f3f4-4b98-a9ac-8cc2ef63c8b0}</destination>
			<destination>{dac01183-213b-4730-80ec-c2f7ea4513f6}</destination>
			<destination>{bfc435f1-3648-4e75-9d87-87c29a0bad8a}</destination>
			<destination>{44346212-0b2e-4a4f-b384-bf1e4b197e9f}</destination>
		</relationship>
	</object>
	<object class="MultiSound" id="{6ae4c9b8-7c00-4582-ad73-e6a71d3fb928}">
		<relationship name="sounds">
			<destination>{f2cf4db2-c243-42e4-ac82-3ee5d200cc70}</destination>
			<destination>{099fd24b-31a7-4dd5-bfde-a5bbbe264d84}</destination>
			<destination>{ccd3d0b8-5b15-4d4a-b9e3-1e568ef6dd94}</destination>
			<destination>{6fe12773-97f0-4554-9a1c-8a1dadb4b4ee}</destination>
		</relationship>
	</object>
	<object class="FadeCurve" id="{2d4ee659-5bdb-44d8-b973-07e9b5d9e787}">
		<relationship name="startPoint">
			<destination>{a871b6a0-e611-49fe-be91-cead26a204fe}</destination>
		</relationship>
		<relationship name="endPoint">
			<destination>{d338c04f-51c5-4bd5-9d2d-3c1e156e08bf}</destination>
		</relationship>
	</object>
	<object class="MultiSound" id="{ced44f1b-9d18-40e2-9c4c-b6b3dccbf5b6}">
		<relationship name="sounds">
			<destination>{6d6ac0fc-3551-4263-85c9-7a7385cc949a}</destination>
			<destination>{70c59ec4-3e02-4176-bfb1-7f24003e6f67}</destination>
			<destination>{8e95ebad-9e30-4813-a892-0f091cf6abbd}</destination>
			<destination>{c4ea99f6-efcc-4d9f-9df5-eea1c2527d39}</destination>
		</relationship>
	</object>
	<object class="MultiSound" id="{c54d5588-00ab-498a-b58a-bf27cd118473}">
		<relationship name="sounds">
			<destination>{e47de60c-faa1-4a8c-8a62-b84444806ae8}</destination>
			<destination>{afc6a446-778c-493b-8e65-72ff3297ee5e}</destination>
			<destination>{6c5515bf-05cc-474a-aff5-81da2b641fb7}</destination>
			<destination>{17032663-8bc2-4000-a043-8b68f9053f16}</destination>
		</relationship>
	</object>
	<object class="FadeCurve" id="{21a45030-31f2-4f4b-9629-e55ef9457e38}">
		<relationship name="startPoint">
			<destination>{a839fa49-3808-4a45-85d5-f9195c76d372}</destination>
		</relationship>
		<relationship name="endPoint">
			<destination>{821bec35-697c-4094-8c4a-9ab52992ca03}</destination>
		</relationship>
	</object>
	<object class="MultiSound" id="{34776dcb-46e2-4a26-8a89-07788885c278}">
		<relationship name="sounds">
			<destination>{5d437f7c-2ca7-484f-86fe-474a4c87f3c9}</destination>
			<destination>{c11f2f0b-cb22-4fb6-a23f-0040f9c8b307}</destination>
			<destination>{77e847b2-7ea3-49bf-a4b4-409c50b88fbf}</destination>
			<destination>{79226adc-5d86-422e-b402-bf8070c1e705}</destination>
		</relationship>
	</object>
	<object class="MultiSound" id="{e190fbf0-2bbc-4275-8583-7cd8d0c29f3f}">
		<relationship name="sounds">
			<destination>{ec05910b-b659-493d-a827-060cb205d05e}</destination>
			<destination>{742df85b-cc5d-4e04-b078-f26332880fc9}</destination>
			<destination>{2e3920dc-3271-45a9-89ad-6e806f7806eb}</destination>
			<destination>{de442b4e-1c86-4adc-8964-bffc3167f7f5}</destination>
		</relationship>
	</object>
	<object class="FadeCurve" id="{b81e98a6-a9ea-4242-8760-581db5aab87a}">
		<relationship name="startPoint">
			<destination>{6ad4a323-a821-4b7e-8be2-9ce0d3603882}</destination>
		</relationship>
		<relationship name="endPoint">
			<destination>{39b47f36-9121-4374-966c-feee2aa52122}</destination>
		</relationship>
	</object>
	<object class="MultiSound" id="{1aeba18b-1964-46f9-b41c-b58ff905f785}">
		<relationship name="sounds">
			<destination>{e1a8bdcd-c061-4ca7-bd8e-068b7cdcf390}</destination>
			<destination>{59743022-068b-4182-a98b-ef545620d814}</destination>
			<destination>{5bcda31d-8c0a-4906-b8eb-044947227dbf}</destination>
			<destination>{c2178fb0-ae3f-452c-9d88-6ab41319255d}</destination>
		</relationship>
	</object>
	<object class="MultiSound" id="{a6aab6f6-a530-4f78-abf6-ffdce2149562}">
		<relationship name="sounds">
			<destination>{70b0b69d-5ead-42bd-8d68-52e880103fab}</destination>
			<destination>{2672c044-0218-48bc-9eb1-6bf27629c160}</destination>
			<destination>{8745e179-324d-48c3-b9e4-d07433d74d55}</destination>
			<destination>{d1121d5a-63af-40c5-b88b-52fb042588f5}</destination>
		</relationship>
	</object>
	<object class="FadeCurve" id="{ae95ec9f-6159-4da2-b882-7c3c0638e8f3}">
		<relationship name="startPoint">
			<destination>{fc14df26-5d04-4499-9646-15f75a21a2dc}</destination>
		</relationship>
		<relationship name="endPoint">
			<destination>{64d0150e-32c7-4448-afd3-9396930f6479}</destination>
		</relationship>
	</object>
	<object class="MultiSound" id="{d23e07e6-f616-4a82-bc80-08ec74121d83}">
		<relationship name="sounds">
			<destination>{bab41b2c-dfb0-4dd4-a163-b5343dd57246}</destination>
			<destination>{e49e3d41-8e6c-4d69-b435-b80de8261f04}</destination>
			<destination>{e669303d-6e0f-4056-9032-a16039f334ab}</destination>
			<destination>{3e1b54ed-3904-46ef-888f-c987f108b6d5}</destination>
		</relationship>
	</object>
	<object class="MultiSound" id="{57b9ce1c-9463-42ae-808d-e3bce526ae11}">
		<relationship name="sounds">
			<destination>{06517a04-62f2-4acb-b0a8-06f7fd47da66}</destination>
			<destination>{802f7b4a-5021-4676-af8a-8c444858b847}</destination>
			<destination>{2eb13450-ee40-476b-94d3-b7b531f0aebe}</destination>
			<destination>{4b8ff272-44d9-49a8-8e5d-95c48b4942b7}</destination>
		</relationship>
	</object>
	<object class="MixerBusEffectChain" id="{9579ecc5-5bde-4dae-af0b-fe3839031043}">
		<relationship name="effects">
			<destination>{327844c3-912b-42c4-9261-c7d7e9434da7}</destination>
		</relationship>
	</object>
	<object class="MixerBusPanner" id="{e403b9d3-6976-4a62-9a5c-c5f025a0ebc6}" />
	<object class="TransitionTimeline" id="{ccb6e3b5-9fe1-40c8-9f92-09fe721dc175}">
		<property name="length">
			<value>6</value>
		</property>
		<relationship name="modules">
			<destination>{c528ebb8-434a-406e-b86c-082841d91563}</destination>
			<destination>{5b7d6b15-af6c-4534-b190-d133a46d75ee}</destination>
			<destination>{605a4ee1-c9c8-4d68-bb72-0149c36e3722}</destination>
			<destination>{0ea5eb49-9b6e-41e1-a77c-d56014e394ed}</destination>
			<destination>{1a19f9b5-c7e4-43c0-b3f3-1a7dcf50ba59}</destination>
			<destination>{d7294ce8-f242-40aa-9bef-462f9c7a470b}</destination>
		</relationship>
	</object>
	<object class="MixerBusFader" id="{73292529-6004-4e34-9d42-c3c6a4173d16}" />
	<object class="SpatialiserEffect" id="{617b4951-e2fa-45ae-8b7a-21bb8b1265dc}" />
	<object class="AutomationPoint" id="{b6dd352c-9124-409c-a8e0-758a096780ed}">
		<property name="position">
			<value>0</value>
		</property>
		<property name="value">
			<value>1</value>
		</property>
		<property name="curveShape">
			<value>-0.0678842738</value>
		</property>
	</object>
	<object class="AutomationPoint" id="{60e1e67d-0f2a-4f41-96f6-e5c6a6740154}">
		<property name="position">
			<value>6</value>
		</property>
		<property name="value">
			<value>0</value>
		</property>
	</object>
	<object class="AutomationPoint" id="{0b342456-c3af-44f6-a9da-0af836a227c2}">
		<property name="position">
			<value>0</value>
		</property>
		<property name="value">
			<value>0</value>
		</property>
		<property name="curveShape">
			<value>0.0292389859</value>
		</property>
	</object>
	<object class="AutomationPoint" id="{045e7d84-8c23-4522-adf5-3601037f11e2}">
		<property name="position">
			<value>6</value>
		</property>
		<property name="value">
			<value>1</value>
		</property>
	</object>
	<object class="MixerBusFader" id="{3a1ca6d6-2315-4cb5-a978-ab13a7ec3074}" />
	<object class="SingleSound" id="{464d5fde-9eaf-4894-9195-9799702b1915}">
		<relationship name="audioFile">
			<destination>{c509a06f-4969-40df-a44d-0147fdc528b6}</destination>
		</relationship>
	</object>
	<object class="SingleSound" id="{f28c3fb5-d1ab-467b-8d34-7560bec784a8}">
		<relationship name="audioFile">
			<destination>{03b48e4f-44f3-4b7f-9597-17a620e9bed2}</destination>
		</relationship>
	</object>
	<object class="SingleSound" id="{07a68927-5509-468c-b2cd-4485197310ef}">
		<relationship name="audioFile">
			<destination>{2706bbf7-3bff-4dab-a878-9323e0b86d6b}</destination>
		</relationship>
	</object>
	<object class="SingleSound" id="{e08fd6e2-2335-4c76-a1cb-0890cb4b01f8}">
		<relationship name="audioFile">
			<destination>{f41995ed-5a04-4eed-8fe6-ee4e06d086e0}</destination>
		</relationship>
	</object>
	<object class="AutomationPoint" id="{5fdf09da-f344-4ae7-8bba-218b2bad673e}">
		<property name="position">
			<value>60</value>
		</property>
		<property name="value">
			<value>1</value>
		</property>
		<property name="curveShape">
			<value>0.25471893</value>
		</property>
	</object>
	<object class="AutomationPoint" id="{31eb2cbc-35fa-4119-a9d8-09c0bb3819bb}">
		<property name="position">
			<value>70</value>
		</property>
		<property name="value">
			<value>0</value>
		</property>
	</object>
	<object class="SingleSound" id="{d0ffae5e-1a49-4266-a2df-3829123332d1}">
		<relationship name="audioFile">
			<destination>{9c5ee49b-00c3-409c-aab1-41e4a2b57f57}</destination>
		</relationship>
	</object>
	<object class="SingleSound" id="{1e922e1b-06d9-41c1-9ed1-71cf38565a99}">
		<relationship name="audioFile">
			<destination>{c3e780bf-27aa-48d6-a494-ecb0db0c160a}</destination>
		</relationship>
	</object>
	<object class="SingleSound" id="{28e7826c-c6c1-4e08-b43e-01b79b8103e6}">
		<relationship name="audioFile">
			<destination>{04a64182-42a8-4a74-ace0-ae442f3882b7}</destination>
		</relationship>
	</object>
	<object class="SingleSound" id="{45169509-4c4b-4607-bae5-d8596637febf}">
		<relationship name="audioFile">
			<destination>{869f0a49-5260-4b1f-88ee-f11538c5ff4e}</destination>
		</relationship>
	</object>
	<object class="AutomationPoint" id="{e87dcb7c-16b8-41b7-b3ce-9bce06533b3f}">
		<property name="position">
			<value>139.83474541586332</value>
		</property>
		<property name="value">
			<value>1</value>
		</property>
		<property name="curveShape">
			<value>0.25471893</value>
		</property>
	</object>
	<object class="AutomationPoint" id="{ec003ba2-ff8d-4363-83ee-1ccdf901df2c}">
		<property name="position">
			<value>149.83474541586332</value>
		</property>
		<property name="value">
			<value>0</value>
		</property>
	</object>
	<object class="SingleSound" id="{a58a96d7-f3f4-4b98-a9ac-8cc2ef63c8b0}">
		<relationship name="audioFile">
			<destination>{9c5ee49b-00c3-409c-aab1-41e4a2b57f57}</destination>
		</relationship>
	</object>
	<object class="SingleSound" id="{dac01183-213b-4730-80ec-c2f7ea4513f6}">
		<relationship name="audioFile">
			<destination>{c3e780bf-27aa-48d6-a494-ecb0db0c160a}</destination>
		</relationship>
	</object>
	<object class="SingleSound" id="{bfc435f1-3648-4e75-9d87-87c29a0bad8a}">
		<relationship name="audioFile">
			<destination>{04a64182-42a8-4a74-ace0-ae442f3882b7}</destination>
		</relationship>
	</object>
	<object class="SingleSound" id="{44346212-0b2e-4a4f-b384-bf1e4b197e9f}">
		<relationship name="audioFile">
			<destination>{869f0a49-5260-4b1f-88ee-f11538c5ff4e}</destination>
		</relationship>
	</object>
	<object class="SingleSound" id="{f2cf4db2-c243-42e4-ac82-3ee5d200cc70}">
		<relationship name="audioFile">
			<destination>{c509a06f-4969-40df-a44d-0147fdc528b6}</destination>
		</relationship>
	</object>
	<object class="SingleSound" id="{099fd24b-31a7-4dd5-bfde-a5bbbe264d84}">
		<relationship name="audioFile">
			<destination>{03b48e4f-44f3-4b7f-9597-17a620e9bed2}</destination>
		</relationship>
	</object>
	<object class="SingleSound" id="{ccd3d0b8-5b15-4d4a-b9e3-1e568ef6dd94}">
		<relationship name="audioFile">
			<destination>{2706bbf7-3bff-4dab-a878-9323e0b86d6b}</destination>
		</relationship>
	</object>
	<object class="SingleSound" id="{6fe12773-97f0-4554-9a1c-8a1dadb4b4ee}">
		<relationship name="audioFile">
			<destination>{f41995ed-5a04-4eed-8fe6-ee4e06d086e0}</destination>
		</relationship>
	</object>
	<object class="AutomationPoint" id="{a871b6a0-e611-49fe-be91-cead26a204fe}">
		<property name="position">
			<value>220.30862114736865</value>
		</property>
		<property name="value">
			<value>1</value>
		</property>
		<property name="curveShape">
			<value>0.25471893</value>
		</property>
	</object>
	<object class="AutomationPoint" id="{d338c04f-51c5-4bd5-9d2d-3c1e156e08bf}">
		<property name="position">
			<value>230.30862114736865</value>
		</property>
		<property name="value">
			<value>0</value>
		</property>
	</object>
	<object class="SingleSound" id="{6d6ac0fc-3551-4263-85c9-7a7385cc949a}">
		<relationship name="audioFile">
			<destination>{9c5ee49b-00c3-409c-aab1-41e4a2b57f57}</destination>
		</relationship>
	</object>
	<object class="SingleSound" id="{70c59ec4-3e02-4176-bfb1-7f24003e6f67}">
		<relationship name="audioFile">
			<destination>{c3e780bf-27aa-48d6-a494-ecb0db0c160a}</destination>
		</relationship>
	</object>
	<object class="SingleSound" id="{8e95ebad-9e30-4813-a892-0f091cf6abbd}">
		<relationship name="audioFile">
			<destination>{04a64182-42a8-4a74-ace0-ae442f3882b7}</destination>
		</relationship>
	</object>
	<object class="SingleSound" id="{c4ea99f6-efcc-4d9f-9df5-eea1c2527d39}">
		<relationship name="audioFile">
			<destination>{869f0a49-5260-4b1f-88ee-f11538c5ff4e}</destination>
		</relationship>
	</object>
	<object class="SingleSound" id="{e47de60c-faa1-4a8c-8a62-b84444806ae8}">
		<relationship name="audioFile">
			<destination>{c509a06f-4969-40df-a44d-0147fdc528b6}</destination>
		</relationship>
	</object>
	<object class="SingleSound" id="{afc6a446-778c-493b-8e65-72ff3297ee5e}">
		<relationship name="audioFile">
			<destination>{03b48e4f-44f3-4b7f-9597-17a620e9bed2}</destination>
		</relationship>
	</object>
	<object class="SingleSound" id="{6c5515bf-05cc-474a-aff5-81da2b641fb7}">
		<relationship name="audioFile">
			<destination>{2706bbf7-3bff-4dab-a878-9323e0b86d6b}</destination>
		</relationship>
	</object>
	<object class="SingleSound" id="{17032663-8bc2-4000-a043-8b68f9053f16}">
		<relationship name="audioFile">
			<destination>{f41995ed-5a04-4eed-8fe6-ee4e06d086e0}</destination>
		</relationship>
	</object>
	<object class="AutomationPoint" id="{a839fa49-3808-4a45-85d5-f9195c76d372}">
		<property name="position">
			<value>303.1394723187089</value>
		</property>
		<property name="value">
			<value>1</value>
		</property>
		<property name="curveShape">
			<value>0.25471893</value>
		</property>
	</object>
	<object class="AutomationPoint" id="{821bec35-697c-4094-8c4a-9ab52992ca03}">
		<property name="position">
			<value>313.1394723187089</value>
		</property>
		<property name="value">
			<value>0</value>
		</property>
	</object>
	<object class="SingleSound" id="{5d437f7c-2ca7-484f-86fe-474a4c87f3c9}">
		<relationship name="audioFile">
			<destination>{9c5ee49b-00c3-409c-aab1-41e4a2b57f57}</destination>
		</relationship>
	</object>
	<object class="SingleSound" id="{c11f2f0b-cb22-4fb6-a23f-0040f9c8b307}">
		<relationship name="audioFile">
			<destination>{c3e780bf-27aa-48d6-a494-ecb0db0c160a}</destination>
		</relationship>
	</object>
	<object class="SingleSound" id="{77e847b2-7ea3-49bf-a4b4-409c50b88fbf}">
		<relationship name="audioFile">
			<destination>{04a64182-42a8-4a74-ace0-ae442f3882b7}</destination>
		</relationship>
	</object>
	<object class="SingleSound" id="{79226adc-5d86-422e-b402-bf8070c1e705}">
		<relationship name="audioFile">
			<destination>{869f0a49-5260-4b1f-88ee-f11538c5ff4e}</destination>
		</relationship>
	</object>
	<object class="SingleSound" id="{ec05910b-b659-493d-a827-060cb205d05e}">
		<relationship name="audioFile">
			<destination>{c509a06f-4969-40df-a44d-0147fdc528b6}</destination>
		</relationship>
	</object>
	<object class="SingleSound" id="{742df85b-cc5d-4e04-b078-f26332880fc9}">
		<relationship name="audioFile">
			<destination>{03b48e4f-44f3-4b7f-9597-17a620e9bed2}</destination>
		</relationship>
	</object>
	<object class="SingleSound" id="{2e3920dc-3271-45a9-89ad-6e806f7806eb}">
		<relationship name="audioFile">
			<destination>{2706bbf7-3bff-4dab-a878-9323e0b86d6b}</destination>
		</relationship>
	</object>
	<object class="SingleSound" id="{de442b4e-1c86-4adc-8964-bffc3167f7f5}">
		<relationship name="audioFile">
			<destination>{f41995ed-5a04-4eed-8fe6-ee4e06d086e0}</destination>
		</relationship>
	</object>
	<object class="AutomationPoint" id="{6ad4a323-a821-4b7e-8be2-9ce0d3603882}">
		<property name="position">
			<value>391.02098514683814</value>
		</property>
		<property name="value">
			<value>1</value>
		</property>
		<property name="curveShape">
			<value>0.25471893</value>
		</property>
	</object>
	<object class="AutomationPoint" id="{39b47f36-9121-4374-966c-feee2aa52122}">
		<property name="position">
			<value>401.02098514683814</value>
		</property>
		<property name="value">
			<value>0</value>
		</property>
	</object>
	<object class="SingleSound" id="{e1a8bdcd-c061-4ca7-bd8e-068b7cdcf390}">
		<relationship name="audioFile">
			<destination>{9c5ee49b-00c3-409c-aab1-41e4a2b57f57}</destination>
		</relationship>
	</object>
	<object class="SingleSound" id="{59743022-068b-4182-a98b-ef545620d814}">
		<relationship name="audioFile">
			<destination>{c3e780bf-27aa-48d6-a494-ecb0db0c160a}</destination>
		</relationship>
	</object>
	<object class="SingleSound" id="{5bcda31d-8c0a-4906-b8eb-044947227dbf}">
		<relationship name="audioFile">
			<destination>{04a64182-42a8-4a74-ace0-ae442f3882b7}</destination>
		</relationship>
	</object>
	<object class="SingleSound" id="{c2178fb0-ae3f-452c-9d88-6ab41319255d}">
		<relationship name="audioFile">
			<destination>{869f0a49-5260-4b1f-88ee-f11538c5ff4e}</destination>
		</relationship>
	</object>
	<object class="SingleSound" id="{70b0b69d-5ead-42bd-8d68-52e880103fab}">
		<relationship name="audioFile">
			<destination>{c509a06f-4969-40df-a44d-0147fdc528b6}</destination>
		</relationship>
	</object>
	<object class="SingleSound" id="{2672c044-0218-48bc-9eb1-6bf27629c160}">
		<relationship name="audioFile">
			<destination>{03b48e4f-44f3-4b7f-9597-17a620e9bed2}</destination>
		</relationship>
	</object>
	<object class="SingleSound" id="{8745e179-324d-48c3-b9e4-d07433d74d55}">
		<relationship name="audioFile">
			<destination>{2706bbf7-3bff-4dab-a878-9323e0b86d6b}</destination>
		</relationship>
	</object>
	<object class="SingleSound" id="{d1121d5a-63af-40c5-b88b-52fb042588f5}">
		<relationship name="audioFile">
			<destination>{f41995ed-5a04-4eed-8fe6-ee4e06d086e0}</destination>
		</relationship>
	</object>
	<object class="AutomationPoint" id="{fc14df26-5d04-4499-9646-15f75a21a2dc}">
		<property name="position">
			<value>481.59618419192157</value>
		</property>
		<property name="value">
			<value>1</value>
		</property>
		<property name="curveShape">
			<value>0.25471893</value>
		</property>
	</object>
	<object class="AutomationPoint" id="{64d0150e-32c7-4448-afd3-9396930f6479}">
		<property name="position">
			<value>491.59618419192157</value>
		</property>
		<property name="value">
			<value>0</value>
		</property>
	</object>
	<object class="SingleSound" id="{bab41b2c-dfb0-4dd4-a163-b5343dd57246}">
		<relationship name="audioFile">
			<destination>{9c5ee49b-00c3-409c-aab1-41e4a2b57f57}</destination>
		</relationship>
	</object>
	<object class="SingleSound" id="{e49e3d41-8e6c-4d69-b435-b80de8261f04}">
		<relationship name="audioFile">
			<destination>{c3e780bf-27aa-48d6-a494-ecb0db0c160a}</destination>
		</relationship>
	</object>
	<object class="SingleSound" id="{e669303d-6e0f-4056-9032-a16039f334ab}">
		<relationship name="audioFile">
			<destination>{04a64182-42a8-4a74-ace0-ae442f3882b7}</destination>
		</relationship>
	</object>
	<object class="SingleSound" id="{3e1b54ed-3904-46ef-888f-c987f108b6d5}">
		<relationship name="audioFile">
			<destination>{869f0a49-5260-4b1f-88ee-f11538c5ff4e}</destination>
		</relationship>
	</object>
	<object class="SingleSound" id="{06517a04-62f2-4acb-b0a8-06f7fd47da66}">
		<relationship name="audioFile">
			<destination>{c509a06f-4969-40df-a44d-0147fdc528b6}</destination>
		</relationship>
	</object>
	<object class="SingleSound" id="{802f7b4a-5021-4676-af8a-8c444858b847}">
		<relationship name="audioFile">
			<destination>{03b48e4f-44f3-4b7f-9597-17a620e9bed2}</destination>
		</relationship>
	</object>
	<object class="SingleSound" id="{2eb13450-ee40-476b-94d3-b7b531f0aebe}">
		<relationship name="audioFile">
			<destination>{2706bbf7-3bff-4dab-a878-9323e0b86d6b}</destination>
		</relationship>
	</object>
	<object class="SingleSound" id="{4b8ff272-44d9-49a8-8e5d-95c48b4942b7}">
		<relationship name="audioFile">
			<destination>{f41995ed-5a04-4eed-8fe6-ee4e06d086e0}</destination>
		</relationship>
	</object>
	<object class="MixerBusFader" id="{327844c3-912b-42c4-9261-c7d7e9434da7}" />
</objects>
