<?xml version="1.0" encoding="UTF-8"?>
<objects serializationModel="Studio.02.02.00">
	<object class="Event" id="{7123486c-4ce7-4f9a-a422-b9d685cd722c}">
		<property name="name">
			<value>electricity_box_4</value>
		</property>
		<property name="outputFormat">
			<value>2</value>
		</property>
		<relationship name="folder">
			<destination>{d89c97a2-73b7-4644-a579-4463fba4840b}</destination>
		</relationship>
		<relationship name="mixer">
			<destination>{46c8db46-541d-4bca-8091-92c5e4f6bc83}</destination>
		</relationship>
		<relationship name="masterTrack">
			<destination>{0cf5d35e-d362-4b22-ac74-5e98214aabbd}</destination>
		</relationship>
		<relationship name="mixerInput">
			<destination>{7199863c-a1ce-424c-a191-d0e40f487edb}</destination>
		</relationship>
		<relationship name="automatableProperties">
			<destination>{3bddd790-c85f-4449-b792-4db74c4dd6dd}</destination>
		</relationship>
		<relationship name="markerTracks">
			<destination>{9fb129d0-a446-4feb-a124-58add8f4b8f3}</destination>
		</relationship>
		<relationship name="groupTracks">
			<destination>{01807396-066a-499b-a623-c5ea7e8832e1}</destination>
		</relationship>
		<relationship name="timeline">
			<destination>{893c5f6a-8690-47db-abd9-57c5ce9625f9}</destination>
		</relationship>
		<relationship name="banks">
			<destination>{032e6365-1200-4515-a348-85c0a9f71723}</destination>
		</relationship>
	</object>
	<object class="EventMixer" id="{46c8db46-541d-4bca-8091-92c5e4f6bc83}">
		<relationship name="masterBus">
			<destination>{ffc7a58a-4e62-458e-9457-517d7d57f74c}</destination>
		</relationship>
	</object>
	<object class="MasterTrack" id="{0cf5d35e-d362-4b22-ac74-5e98214aabbd}">
		<relationship name="mixerGroup">
			<destination>{ffc7a58a-4e62-458e-9457-517d7d57f74c}</destination>
		</relationship>
	</object>
	<object class="MixerInput" id="{7199863c-a1ce-424c-a191-d0e40f487edb}">
		<relationship name="effectChain">
			<destination>{48e9101b-4577-4ed1-afa4-12d271b6a5d1}</destination>
		</relationship>
		<relationship name="panner">
			<destination>{a8c0ae66-c110-4eea-89a0-b2c1c798fc75}</destination>
		</relationship>
		<relationship name="output">
			<destination>{17947602-2ebe-4344-9534-dc9ef36d73e5}</destination>
		</relationship>
	</object>
	<object class="EventAutomatableProperties" id="{3bddd790-c85f-4449-b792-4db74c4dd6dd}" />
	<object class="MarkerTrack" id="{9fb129d0-a446-4feb-a124-58add8f4b8f3}" />
	<object class="GroupTrack" id="{01807396-066a-499b-a623-c5ea7e8832e1}">
		<relationship name="modules">
			<destination>{2ea1aea3-d1b7-4598-9923-1f9105515d98}</destination>
		</relationship>
		<relationship name="mixerGroup">
			<destination>{3ebb0e5e-fdfb-4790-bc98-a920b91fcbd7}</destination>
		</relationship>
	</object>
	<object class="Timeline" id="{893c5f6a-8690-47db-abd9-57c5ce9625f9}">
		<relationship name="modules">
			<destination>{2ea1aea3-d1b7-4598-9923-1f9105515d98}</destination>
		</relationship>
	</object>
	<object class="EventMixerMaster" id="{ffc7a58a-4e62-458e-9457-517d7d57f74c}">
		<relationship name="effectChain">
			<destination>{1b599346-3251-49f8-986d-a806b77285d8}</destination>
		</relationship>
		<relationship name="panner">
			<destination>{c5993880-2094-49dc-bca7-d5db909f81b6}</destination>
		</relationship>
		<relationship name="mixer">
			<destination>{46c8db46-541d-4bca-8091-92c5e4f6bc83}</destination>
		</relationship>
	</object>
	<object class="MixerBusEffectChain" id="{48e9101b-4577-4ed1-afa4-12d271b6a5d1}">
		<relationship name="effects">
			<destination>{a9e14cd9-01df-43ac-bc5b-12b233583bc1}</destination>
		</relationship>
	</object>
	<object class="MixerBusPanner" id="{a8c0ae66-c110-4eea-89a0-b2c1c798fc75}" />
	<object class="SingleSound" id="{2ea1aea3-d1b7-4598-9923-1f9105515d98}">
		<property name="length">
			<value>0.78367346938775506</value>
		</property>
		<relationship name="audioFile">
			<destination>{5e3bd5f0-964e-4bcb-aa6d-ec5d9563ed23}</destination>
		</relationship>
	</object>
	<object class="EventMixerGroup" id="{3ebb0e5e-fdfb-4790-bc98-a920b91fcbd7}">
		<property name="name">
			<value>Audio 1</value>
		</property>
		<relationship name="effectChain">
			<destination>{eb6f72dc-2b8c-464e-ba34-67ee32cd89e2}</destination>
		</relationship>
		<relationship name="panner">
			<destination>{b1efed17-82de-45c9-b2be-ed92cb2c22fa}</destination>
		</relationship>
		<relationship name="output">
			<destination>{ffc7a58a-4e62-458e-9457-517d7d57f74c}</destination>
		</relationship>
	</object>
	<object class="MixerBusEffectChain" id="{1b599346-3251-49f8-986d-a806b77285d8}">
		<relationship name="effects">
			<destination>{2755bf35-0ee2-49a7-b4ce-b1d32deea573}</destination>
			<destination>{45375a46-c5aa-42db-8c5e-c0bb407e0146}</destination>
		</relationship>
	</object>
	<object class="MixerBusPanner" id="{c5993880-2094-49dc-bca7-d5db909f81b6}" />
	<object class="MixerBusFader" id="{a9e14cd9-01df-43ac-bc5b-12b233583bc1}" />
	<object class="MixerBusEffectChain" id="{eb6f72dc-2b8c-464e-ba34-67ee32cd89e2}">
		<relationship name="effects">
			<destination>{aa78c24f-d7bc-4c03-89b2-f502dea972f7}</destination>
		</relationship>
	</object>
	<object class="MixerBusPanner" id="{b1efed17-82de-45c9-b2be-ed92cb2c22fa}" />
	<object class="MixerBusFader" id="{2755bf35-0ee2-49a7-b4ce-b1d32deea573}" />
	<object class="SpatialiserEffect" id="{45375a46-c5aa-42db-8c5e-c0bb407e0146}" />
	<object class="MixerBusFader" id="{aa78c24f-d7bc-4c03-89b2-f502dea972f7}" />
</objects>
