<?xml version="1.0" encoding="UTF-8"?>
<objects serializationModel="Studio.02.02.00">
	<object class="Event" id="{770fc429-1665-4442-8cf5-20f26cba4647}">
		<property name="name">
			<value>cricket_bitcrush_1</value>
		</property>
		<property name="outputFormat">
			<value>2</value>
		</property>
		<relationship name="folder">
			<destination>{d3086124-94ba-40c1-91f1-a7a2ef59e491}</destination>
		</relationship>
		<relationship name="mixer">
			<destination>{12cdec90-4311-4736-8969-0303e0b3526f}</destination>
		</relationship>
		<relationship name="masterTrack">
			<destination>{07242fd2-39a2-4f6a-97e4-0de2f905d1c7}</destination>
		</relationship>
		<relationship name="mixerInput">
			<destination>{0a0f84f1-e6ed-4ab3-9487-2de7f4b96ae9}</destination>
		</relationship>
		<relationship name="automatableProperties">
			<destination>{c44a523d-d1c5-4518-80d7-b35ee86bc05d}</destination>
		</relationship>
		<relationship name="markerTracks">
			<destination>{b56940cf-4702-481a-a18a-f619aacfb3af}</destination>
		</relationship>
		<relationship name="groupTracks">
			<destination>{b36cfe1b-0b37-4435-9e2f-974709c0db50}</destination>
		</relationship>
		<relationship name="timeline">
			<destination>{a0b34036-02c6-4045-b773-7ca582f853ba}</destination>
		</relationship>
		<relationship name="banks">
			<destination>{032e6365-1200-4515-a348-85c0a9f71723}</destination>
		</relationship>
	</object>
	<object class="EventMixer" id="{12cdec90-4311-4736-8969-0303e0b3526f}">
		<relationship name="masterBus">
			<destination>{5273fc54-f137-4d1e-be9a-9db407777715}</destination>
		</relationship>
	</object>
	<object class="MasterTrack" id="{07242fd2-39a2-4f6a-97e4-0de2f905d1c7}">
		<relationship name="mixerGroup">
			<destination>{5273fc54-f137-4d1e-be9a-9db407777715}</destination>
		</relationship>
	</object>
	<object class="MixerInput" id="{0a0f84f1-e6ed-4ab3-9487-2de7f4b96ae9}">
		<relationship name="effectChain">
			<destination>{6ce6a7aa-5afe-43ce-b79c-e3ccd83e3dd9}</destination>
		</relationship>
		<relationship name="panner">
			<destination>{e331a5ff-1f25-49eb-9bc4-90ddbc52f377}</destination>
		</relationship>
		<relationship name="output">
			<destination>{17947602-2ebe-4344-9534-dc9ef36d73e5}</destination>
		</relationship>
	</object>
	<object class="EventAutomatableProperties" id="{c44a523d-d1c5-4518-80d7-b35ee86bc05d}" />
	<object class="MarkerTrack" id="{b56940cf-4702-481a-a18a-f619aacfb3af}" />
	<object class="GroupTrack" id="{b36cfe1b-0b37-4435-9e2f-974709c0db50}">
		<relationship name="modules">
			<destination>{c33b981e-3f06-4c77-8937-a3335eb6d47e}</destination>
		</relationship>
		<relationship name="mixerGroup">
			<destination>{eb901ea7-e9b4-417d-9075-46211eacb065}</destination>
		</relationship>
	</object>
	<object class="Timeline" id="{a0b34036-02c6-4045-b773-7ca582f853ba}">
		<relationship name="modules">
			<destination>{c33b981e-3f06-4c77-8937-a3335eb6d47e}</destination>
		</relationship>
	</object>
	<object class="EventMixerMaster" id="{5273fc54-f137-4d1e-be9a-9db407777715}">
		<relationship name="effectChain">
			<destination>{2dbfd760-1eed-49ae-ac3b-d2f84b1b9fb9}</destination>
		</relationship>
		<relationship name="panner">
			<destination>{2cbde0e6-8460-4877-86ba-32cb465ab2f4}</destination>
		</relationship>
		<relationship name="mixer">
			<destination>{12cdec90-4311-4736-8969-0303e0b3526f}</destination>
		</relationship>
	</object>
	<object class="MixerBusEffectChain" id="{6ce6a7aa-5afe-43ce-b79c-e3ccd83e3dd9}">
		<relationship name="effects">
			<destination>{e8f47231-e653-45e3-bb4e-4ceded5366bd}</destination>
		</relationship>
	</object>
	<object class="MixerBusPanner" id="{e331a5ff-1f25-49eb-9bc4-90ddbc52f377}" />
	<object class="SingleSound" id="{c33b981e-3f06-4c77-8937-a3335eb6d47e}">
		<property name="length">
			<value>5.3812244897959181</value>
		</property>
		<relationship name="audioFile">
			<destination>{c509a06f-4969-40df-a44d-0147fdc528b6}</destination>
		</relationship>
	</object>
	<object class="EventMixerGroup" id="{eb901ea7-e9b4-417d-9075-46211eacb065}">
		<property name="name">
			<value>Audio 1</value>
		</property>
		<relationship name="effectChain">
			<destination>{649ecad5-1b5f-4f22-8675-4fce6f054721}</destination>
		</relationship>
		<relationship name="panner">
			<destination>{ff90c6c9-8057-485c-ac05-ced23393ae3a}</destination>
		</relationship>
		<relationship name="output">
			<destination>{5273fc54-f137-4d1e-be9a-9db407777715}</destination>
		</relationship>
	</object>
	<object class="MixerBusEffectChain" id="{2dbfd760-1eed-49ae-ac3b-d2f84b1b9fb9}">
		<relationship name="effects">
			<destination>{625c0f47-8819-4bc2-8849-18b069e1ebd3}</destination>
			<destination>{754fb816-9d0a-4b61-b891-abc3b8c6e5c8}</destination>
		</relationship>
	</object>
	<object class="MixerBusPanner" id="{2cbde0e6-8460-4877-86ba-32cb465ab2f4}" />
	<object class="MixerBusFader" id="{e8f47231-e653-45e3-bb4e-4ceded5366bd}" />
	<object class="MixerBusEffectChain" id="{649ecad5-1b5f-4f22-8675-4fce6f054721}">
		<relationship name="effects">
			<destination>{900d0a9f-2988-41db-83df-1c91de6e5ce7}</destination>
		</relationship>
	</object>
	<object class="MixerBusPanner" id="{ff90c6c9-8057-485c-ac05-ced23393ae3a}" />
	<object class="MixerBusFader" id="{625c0f47-8819-4bc2-8849-18b069e1ebd3}" />
	<object class="SpatialiserEffect" id="{754fb816-9d0a-4b61-b891-abc3b8c6e5c8}" />
	<object class="MixerBusFader" id="{900d0a9f-2988-41db-83df-1c91de6e5ce7}" />
</objects>
