<?xml version="1.0" encoding="UTF-8"?>
<objects serializationModel="Studio.02.02.00">
	<object class="Event" id="{77400a2a-bc64-4de7-bf64-e1f0ae3c73f7}">
		<property name="name">
			<value>door_wood_open_bitcrush_4</value>
		</property>
		<property name="outputFormat">
			<value>2</value>
		</property>
		<relationship name="folder">
			<destination>{89467943-0206-4fb7-8a8e-c40412df93fc}</destination>
		</relationship>
		<relationship name="mixer">
			<destination>{828fd745-1d0e-4736-83bb-1e25da60632c}</destination>
		</relationship>
		<relationship name="masterTrack">
			<destination>{fe4f9c3d-2c6d-4c03-a6e6-dd9a8fc4327c}</destination>
		</relationship>
		<relationship name="mixerInput">
			<destination>{217bd4c9-5829-4e6e-9301-4e788223ea98}</destination>
		</relationship>
		<relationship name="automatableProperties">
			<destination>{82cac05c-d0aa-4746-9a40-79e63ecd6922}</destination>
		</relationship>
		<relationship name="markerTracks">
			<destination>{a40c2e88-cd0d-47d4-b65a-595a83d7b655}</destination>
		</relationship>
		<relationship name="groupTracks">
			<destination>{39aeafe5-0389-4e0e-aa21-da8e187ea6ad}</destination>
		</relationship>
		<relationship name="timeline">
			<destination>{b71c4ee6-7f81-4e3e-a919-9e9b4231930c}</destination>
		</relationship>
		<relationship name="banks">
			<destination>{032e6365-1200-4515-a348-85c0a9f71723}</destination>
		</relationship>
	</object>
	<object class="EventMixer" id="{828fd745-1d0e-4736-83bb-1e25da60632c}">
		<relationship name="masterBus">
			<destination>{e21f2ea0-bb90-42c6-95d5-6718065d84ae}</destination>
		</relationship>
	</object>
	<object class="MasterTrack" id="{fe4f9c3d-2c6d-4c03-a6e6-dd9a8fc4327c}">
		<relationship name="mixerGroup">
			<destination>{e21f2ea0-bb90-42c6-95d5-6718065d84ae}</destination>
		</relationship>
	</object>
	<object class="MixerInput" id="{217bd4c9-5829-4e6e-9301-4e788223ea98}">
		<relationship name="effectChain">
			<destination>{fabe577c-d6be-4e26-90bc-258de2cf9f12}</destination>
		</relationship>
		<relationship name="panner">
			<destination>{c8b2d3af-9b54-49b4-b263-57d49dbba095}</destination>
		</relationship>
		<relationship name="output">
			<destination>{17947602-2ebe-4344-9534-dc9ef36d73e5}</destination>
		</relationship>
	</object>
	<object class="EventAutomatableProperties" id="{82cac05c-d0aa-4746-9a40-79e63ecd6922}" />
	<object class="MarkerTrack" id="{a40c2e88-cd0d-47d4-b65a-595a83d7b655}" />
	<object class="GroupTrack" id="{39aeafe5-0389-4e0e-aa21-da8e187ea6ad}">
		<relationship name="modules">
			<destination>{1cca4bfb-5b9a-4b6c-a3bc-227425103184}</destination>
		</relationship>
		<relationship name="mixerGroup">
			<destination>{f0faef08-071b-45eb-b066-a08b21f8f440}</destination>
		</relationship>
	</object>
	<object class="Timeline" id="{b71c4ee6-7f81-4e3e-a919-9e9b4231930c}">
		<relationship name="modules">
			<destination>{1cca4bfb-5b9a-4b6c-a3bc-227425103184}</destination>
		</relationship>
	</object>
	<object class="EventMixerMaster" id="{e21f2ea0-bb90-42c6-95d5-6718065d84ae}">
		<relationship name="effectChain">
			<destination>{f596622d-6e98-4e77-b2e1-37a513abe6c5}</destination>
		</relationship>
		<relationship name="panner">
			<destination>{6650782a-998a-44d3-bfa9-b9ea4888397b}</destination>
		</relationship>
		<relationship name="mixer">
			<destination>{828fd745-1d0e-4736-83bb-1e25da60632c}</destination>
		</relationship>
	</object>
	<object class="MixerBusEffectChain" id="{fabe577c-d6be-4e26-90bc-258de2cf9f12}">
		<relationship name="effects">
			<destination>{fff63923-e7d0-4f9d-8cac-07967f7f2397}</destination>
		</relationship>
	</object>
	<object class="MixerBusPanner" id="{c8b2d3af-9b54-49b4-b263-57d49dbba095}" />
	<object class="SingleSound" id="{1cca4bfb-5b9a-4b6c-a3bc-227425103184}">
		<property name="length">
			<value>1.1755102040816328</value>
		</property>
		<relationship name="audioFile">
			<destination>{28cf921c-7f50-4c8c-895f-9f0c4453df18}</destination>
		</relationship>
	</object>
	<object class="EventMixerGroup" id="{f0faef08-071b-45eb-b066-a08b21f8f440}">
		<property name="name">
			<value>Audio 1</value>
		</property>
		<relationship name="effectChain">
			<destination>{f55506b0-f62f-4fe5-b076-b9d736961027}</destination>
		</relationship>
		<relationship name="panner">
			<destination>{ff77d384-4291-42cf-afce-765df8e48798}</destination>
		</relationship>
		<relationship name="output">
			<destination>{e21f2ea0-bb90-42c6-95d5-6718065d84ae}</destination>
		</relationship>
	</object>
	<object class="MixerBusEffectChain" id="{f596622d-6e98-4e77-b2e1-37a513abe6c5}">
		<relationship name="effects">
			<destination>{1e6a92c1-bbb6-400e-ab0e-11738c949edd}</destination>
			<destination>{0cc03aaf-8932-4756-89c3-f994a9d72d2b}</destination>
		</relationship>
	</object>
	<object class="MixerBusPanner" id="{6650782a-998a-44d3-bfa9-b9ea4888397b}" />
	<object class="MixerBusFader" id="{fff63923-e7d0-4f9d-8cac-07967f7f2397}" />
	<object class="MixerBusEffectChain" id="{f55506b0-f62f-4fe5-b076-b9d736961027}">
		<relationship name="effects">
			<destination>{7f1f3b6d-884e-4280-9396-965d3fe3b56f}</destination>
		</relationship>
	</object>
	<object class="MixerBusPanner" id="{ff77d384-4291-42cf-afce-765df8e48798}" />
	<object class="MixerBusFader" id="{1e6a92c1-bbb6-400e-ab0e-11738c949edd}" />
	<object class="SpatialiserEffect" id="{0cc03aaf-8932-4756-89c3-f994a9d72d2b}" />
	<object class="MixerBusFader" id="{7f1f3b6d-884e-4280-9396-965d3fe3b56f}" />
</objects>
