<?xml version="1.0" encoding="UTF-8"?>
<objects serializationModel="Studio.02.02.00">
	<object class="Event" id="{78e74665-ecee-4610-ac8c-9fefc47252d7}">
		<property name="name">
			<value>step_gravel_bitcrush_1</value>
		</property>
		<property name="outputFormat">
			<value>1</value>
		</property>
		<relationship name="folder">
			<destination>{77af17e7-21e6-49f4-bc18-c96d86d137a6}</destination>
		</relationship>
		<relationship name="mixer">
			<destination>{8339e974-45b0-49f3-a9c0-48628f1ded88}</destination>
		</relationship>
		<relationship name="masterTrack">
			<destination>{1521231e-b92b-46c4-9892-f7c18e5e1bf0}</destination>
		</relationship>
		<relationship name="mixerInput">
			<destination>{3c79ff83-f421-4b0e-8bd7-42291627e92c}</destination>
		</relationship>
		<relationship name="automatableProperties">
			<destination>{43e2804a-9d85-4a74-88d1-0252d7abb5a8}</destination>
		</relationship>
		<relationship name="markerTracks">
			<destination>{7be91ac3-c5d1-4538-b76d-9e2a4e6ed7eb}</destination>
		</relationship>
		<relationship name="groupTracks">
			<destination>{cdd5202f-e48e-4393-ad06-b3840facc5f9}</destination>
		</relationship>
		<relationship name="timeline">
			<destination>{aa140de4-301e-43fc-bdfe-ebff8a573af4}</destination>
		</relationship>
		<relationship name="banks">
			<destination>{032e6365-1200-4515-a348-85c0a9f71723}</destination>
		</relationship>
	</object>
	<object class="EventMixer" id="{8339e974-45b0-49f3-a9c0-48628f1ded88}">
		<relationship name="masterBus">
			<destination>{dedbedcd-7bc0-448b-afe9-00e06743862b}</destination>
		</relationship>
	</object>
	<object class="MasterTrack" id="{1521231e-b92b-46c4-9892-f7c18e5e1bf0}">
		<relationship name="mixerGroup">
			<destination>{dedbedcd-7bc0-448b-afe9-00e06743862b}</destination>
		</relationship>
	</object>
	<object class="MixerInput" id="{3c79ff83-f421-4b0e-8bd7-42291627e92c}">
		<relationship name="effectChain">
			<destination>{ca1c64d6-243b-43e6-8f0b-5e8808572698}</destination>
		</relationship>
		<relationship name="panner">
			<destination>{2ca31874-9785-4865-ac45-581316b45e84}</destination>
		</relationship>
		<relationship name="output">
			<destination>{17947602-2ebe-4344-9534-dc9ef36d73e5}</destination>
		</relationship>
	</object>
	<object class="EventAutomatableProperties" id="{43e2804a-9d85-4a74-88d1-0252d7abb5a8}" />
	<object class="MarkerTrack" id="{7be91ac3-c5d1-4538-b76d-9e2a4e6ed7eb}" />
	<object class="GroupTrack" id="{cdd5202f-e48e-4393-ad06-b3840facc5f9}">
		<relationship name="modules">
			<destination>{3cf698f5-319f-417d-8521-974ac568641f}</destination>
		</relationship>
		<relationship name="mixerGroup">
			<destination>{55a64ae6-88db-4c14-a36c-d2a3614666ed}</destination>
		</relationship>
	</object>
	<object class="Timeline" id="{aa140de4-301e-43fc-bdfe-ebff8a573af4}">
		<relationship name="modules">
			<destination>{3cf698f5-319f-417d-8521-974ac568641f}</destination>
		</relationship>
	</object>
	<object class="EventMixerMaster" id="{dedbedcd-7bc0-448b-afe9-00e06743862b}">
		<relationship name="effectChain">
			<destination>{7aaf3968-4314-4428-86f9-820281af7570}</destination>
		</relationship>
		<relationship name="panner">
			<destination>{fb060268-e59b-4871-9bf6-e3b66173ed4e}</destination>
		</relationship>
		<relationship name="mixer">
			<destination>{8339e974-45b0-49f3-a9c0-48628f1ded88}</destination>
		</relationship>
	</object>
	<object class="MixerBusEffectChain" id="{ca1c64d6-243b-43e6-8f0b-5e8808572698}">
		<relationship name="effects">
			<destination>{e52a0b7d-02f6-47c1-b65b-5e635ec3ba4c}</destination>
		</relationship>
	</object>
	<object class="MixerBusPanner" id="{2ca31874-9785-4865-ac45-581316b45e84}" />
	<object class="SingleSound" id="{3cf698f5-319f-417d-8521-974ac568641f}">
		<property name="length">
			<value>0.39183673469387753</value>
		</property>
		<relationship name="audioFile">
			<destination>{b8c0e08a-d0bf-4fca-a9d3-f7df9a57561a}</destination>
		</relationship>
	</object>
	<object class="EventMixerGroup" id="{55a64ae6-88db-4c14-a36c-d2a3614666ed}">
		<property name="name">
			<value>Audio 1</value>
		</property>
		<relationship name="effectChain">
			<destination>{2596abfc-e00c-482f-a041-baaceaadaf55}</destination>
		</relationship>
		<relationship name="panner">
			<destination>{4f169238-7114-4fb3-bc3f-7ce171431f7d}</destination>
		</relationship>
		<relationship name="output">
			<destination>{dedbedcd-7bc0-448b-afe9-00e06743862b}</destination>
		</relationship>
	</object>
	<object class="MixerBusEffectChain" id="{7aaf3968-4314-4428-86f9-820281af7570}">
		<relationship name="effects">
			<destination>{bdad1524-61e8-40a3-8dd0-d28651a7289d}</destination>
		</relationship>
	</object>
	<object class="MixerBusPanner" id="{fb060268-e59b-4871-9bf6-e3b66173ed4e}" />
	<object class="MixerBusFader" id="{e52a0b7d-02f6-47c1-b65b-5e635ec3ba4c}" />
	<object class="MixerBusEffectChain" id="{2596abfc-e00c-482f-a041-baaceaadaf55}">
		<relationship name="effects">
			<destination>{57b08d31-79dc-4742-85eb-72c534b0c2f4}</destination>
		</relationship>
	</object>
	<object class="MixerBusPanner" id="{4f169238-7114-4fb3-bc3f-7ce171431f7d}" />
	<object class="MixerBusFader" id="{bdad1524-61e8-40a3-8dd0-d28651a7289d}" />
	<object class="MixerBusFader" id="{57b08d31-79dc-4742-85eb-72c534b0c2f4}" />
</objects>
