<?xml version="1.0" encoding="UTF-8"?>
<objects serializationModel="Studio.02.02.00">
	<object class="Event" id="{830cc21a-91eb-44c6-8b0a-807e9561bd34}">
		<property name="name">
			<value>trash_can_close_bitcrush_1</value>
		</property>
		<property name="outputFormat">
			<value>2</value>
		</property>
		<relationship name="folder">
			<destination>{5f9e7e6d-c047-4f58-82f9-dc003ad853f4}</destination>
		</relationship>
		<relationship name="mixer">
			<destination>{654b350d-86de-40ed-a097-b5bc37401cdc}</destination>
		</relationship>
		<relationship name="masterTrack">
			<destination>{421a26f0-7c48-410b-942b-e3aa4e7142d9}</destination>
		</relationship>
		<relationship name="mixerInput">
			<destination>{8dea7b49-fe6d-45c7-89ec-2899f3515a14}</destination>
		</relationship>
		<relationship name="automatableProperties">
			<destination>{9825ec49-4b0a-480a-af4f-94129f2f7fb7}</destination>
		</relationship>
		<relationship name="markerTracks">
			<destination>{a428bbe9-d36d-479b-9ee0-52b5928e9191}</destination>
		</relationship>
		<relationship name="groupTracks">
			<destination>{b3ac402e-46fd-4e5d-a92f-4dcdcafdf40e}</destination>
		</relationship>
		<relationship name="timeline">
			<destination>{89255bb2-5ede-4e24-907b-6b35cb048ce8}</destination>
		</relationship>
		<relationship name="banks">
			<destination>{032e6365-1200-4515-a348-85c0a9f71723}</destination>
		</relationship>
	</object>
	<object class="EventMixer" id="{654b350d-86de-40ed-a097-b5bc37401cdc}">
		<relationship name="masterBus">
			<destination>{52471dc9-6843-4ed1-b841-fd1a30b65a74}</destination>
		</relationship>
	</object>
	<object class="MasterTrack" id="{421a26f0-7c48-410b-942b-e3aa4e7142d9}">
		<relationship name="mixerGroup">
			<destination>{52471dc9-6843-4ed1-b841-fd1a30b65a74}</destination>
		</relationship>
	</object>
	<object class="MixerInput" id="{8dea7b49-fe6d-45c7-89ec-2899f3515a14}">
		<relationship name="effectChain">
			<destination>{23c0182b-68d0-4f8e-aa92-afb3e0f71dde}</destination>
		</relationship>
		<relationship name="panner">
			<destination>{dbcb8753-aff6-4061-b741-3157fc1679f3}</destination>
		</relationship>
		<relationship name="output">
			<destination>{17947602-2ebe-4344-9534-dc9ef36d73e5}</destination>
		</relationship>
	</object>
	<object class="EventAutomatableProperties" id="{9825ec49-4b0a-480a-af4f-94129f2f7fb7}" />
	<object class="MarkerTrack" id="{a428bbe9-d36d-479b-9ee0-52b5928e9191}" />
	<object class="GroupTrack" id="{b3ac402e-46fd-4e5d-a92f-4dcdcafdf40e}">
		<relationship name="modules">
			<destination>{ad2a2bb7-f50f-4aa2-9c75-e0a4538aef4e}</destination>
		</relationship>
		<relationship name="mixerGroup">
			<destination>{dbc88a5d-0b73-4f48-b543-af7cad94355c}</destination>
		</relationship>
	</object>
	<object class="Timeline" id="{89255bb2-5ede-4e24-907b-6b35cb048ce8}">
		<relationship name="modules">
			<destination>{ad2a2bb7-f50f-4aa2-9c75-e0a4538aef4e}</destination>
		</relationship>
	</object>
	<object class="EventMixerMaster" id="{52471dc9-6843-4ed1-b841-fd1a30b65a74}">
		<relationship name="effectChain">
			<destination>{ba34cb7a-1ff6-42d0-a6a2-0c1f89061a42}</destination>
		</relationship>
		<relationship name="panner">
			<destination>{02aa1552-bcd6-492a-b4db-f728867654b1}</destination>
		</relationship>
		<relationship name="mixer">
			<destination>{654b350d-86de-40ed-a097-b5bc37401cdc}</destination>
		</relationship>
	</object>
	<object class="MixerBusEffectChain" id="{23c0182b-68d0-4f8e-aa92-afb3e0f71dde}">
		<relationship name="effects">
			<destination>{83e7d8a7-2ca1-44be-8ed4-5f8d642872e3}</destination>
		</relationship>
	</object>
	<object class="MixerBusPanner" id="{dbcb8753-aff6-4061-b741-3157fc1679f3}" />
	<object class="SingleSound" id="{ad2a2bb7-f50f-4aa2-9c75-e0a4538aef4e}">
		<property name="length">
			<value>1.2277551020408164</value>
		</property>
		<relationship name="audioFile">
			<destination>{16f968be-00ae-4252-8ba9-37296dac07d1}</destination>
		</relationship>
	</object>
	<object class="EventMixerGroup" id="{dbc88a5d-0b73-4f48-b543-af7cad94355c}">
		<property name="name">
			<value>Audio 1</value>
		</property>
		<relationship name="effectChain">
			<destination>{e89dfe88-fa6f-4507-b359-48a784f06cd1}</destination>
		</relationship>
		<relationship name="panner">
			<destination>{42c751e3-0e3c-4ab9-a33b-b7ed3a25fb22}</destination>
		</relationship>
		<relationship name="output">
			<destination>{52471dc9-6843-4ed1-b841-fd1a30b65a74}</destination>
		</relationship>
	</object>
	<object class="MixerBusEffectChain" id="{ba34cb7a-1ff6-42d0-a6a2-0c1f89061a42}">
		<relationship name="effects">
			<destination>{000b2c63-82ae-4713-a802-7c513dd52204}</destination>
			<destination>{7e6e83a5-7d37-4fa1-9bb6-8095f9495a1c}</destination>
		</relationship>
	</object>
	<object class="MixerBusPanner" id="{02aa1552-bcd6-492a-b4db-f728867654b1}" />
	<object class="MixerBusFader" id="{83e7d8a7-2ca1-44be-8ed4-5f8d642872e3}" />
	<object class="MixerBusEffectChain" id="{e89dfe88-fa6f-4507-b359-48a784f06cd1}">
		<relationship name="effects">
			<destination>{7536339a-4f5c-4999-8245-c6fbd8a2a001}</destination>
		</relationship>
	</object>
	<object class="MixerBusPanner" id="{42c751e3-0e3c-4ab9-a33b-b7ed3a25fb22}" />
	<object class="MixerBusFader" id="{000b2c63-82ae-4713-a802-7c513dd52204}" />
	<object class="SpatialiserEffect" id="{7e6e83a5-7d37-4fa1-9bb6-8095f9495a1c}" />
	<object class="MixerBusFader" id="{7536339a-4f5c-4999-8245-c6fbd8a2a001}" />
</objects>
