<?xml version="1.0" encoding="UTF-8"?>
<objects serializationModel="Studio.02.02.00">
	<object class="Event" id="{86e53a26-d67c-42dc-8b7a-7a538c85b9b5}">
		<property name="name">
			<value>step_ground_bitcrush_5</value>
		</property>
		<property name="outputFormat">
			<value>1</value>
		</property>
		<relationship name="folder">
			<destination>{1e4e4420-26fd-4738-ad68-1e90f7eba08c}</destination>
		</relationship>
		<relationship name="mixer">
			<destination>{5279c55e-1f0d-4056-9852-bc1310220cb4}</destination>
		</relationship>
		<relationship name="masterTrack">
			<destination>{4d7702c1-5856-43e1-a3ad-65420ebc1de0}</destination>
		</relationship>
		<relationship name="mixerInput">
			<destination>{307677f0-f349-447e-9f35-6da3a67dc075}</destination>
		</relationship>
		<relationship name="automatableProperties">
			<destination>{f2771c8a-a7ba-445e-9a44-abd760ce5701}</destination>
		</relationship>
		<relationship name="markerTracks">
			<destination>{dd7a64dc-e72f-4f10-8ec9-23593a92a584}</destination>
		</relationship>
		<relationship name="groupTracks">
			<destination>{c7fcea44-95f8-4133-a70b-02c7a4483716}</destination>
		</relationship>
		<relationship name="timeline">
			<destination>{d3a798c8-79c6-4fd4-8276-3b7305550d2c}</destination>
		</relationship>
		<relationship name="banks">
			<destination>{032e6365-1200-4515-a348-85c0a9f71723}</destination>
		</relationship>
	</object>
	<object class="EventMixer" id="{5279c55e-1f0d-4056-9852-bc1310220cb4}">
		<relationship name="masterBus">
			<destination>{43070d5f-6993-45b8-8ea8-9dcb26d6cb9b}</destination>
		</relationship>
	</object>
	<object class="MasterTrack" id="{4d7702c1-5856-43e1-a3ad-65420ebc1de0}">
		<relationship name="mixerGroup">
			<destination>{43070d5f-6993-45b8-8ea8-9dcb26d6cb9b}</destination>
		</relationship>
	</object>
	<object class="MixerInput" id="{307677f0-f349-447e-9f35-6da3a67dc075}">
		<relationship name="effectChain">
			<destination>{5eaffd7d-8ca6-4243-8c83-75efd4984393}</destination>
		</relationship>
		<relationship name="panner">
			<destination>{1df22ebf-0424-4ef3-9d3c-8d87668e6017}</destination>
		</relationship>
		<relationship name="output">
			<destination>{17947602-2ebe-4344-9534-dc9ef36d73e5}</destination>
		</relationship>
	</object>
	<object class="EventAutomatableProperties" id="{f2771c8a-a7ba-445e-9a44-abd760ce5701}" />
	<object class="MarkerTrack" id="{dd7a64dc-e72f-4f10-8ec9-23593a92a584}" />
	<object class="GroupTrack" id="{c7fcea44-95f8-4133-a70b-02c7a4483716}">
		<relationship name="modules">
			<destination>{a9433cab-b9cb-4f62-979e-3f726032fb4d}</destination>
		</relationship>
		<relationship name="mixerGroup">
			<destination>{43ae499f-4049-499a-a64e-68845c844cd6}</destination>
		</relationship>
	</object>
	<object class="Timeline" id="{d3a798c8-79c6-4fd4-8276-3b7305550d2c}">
		<relationship name="modules">
			<destination>{a9433cab-b9cb-4f62-979e-3f726032fb4d}</destination>
		</relationship>
	</object>
	<object class="EventMixerMaster" id="{43070d5f-6993-45b8-8ea8-9dcb26d6cb9b}">
		<relationship name="effectChain">
			<destination>{de0213a4-e95f-47c7-9710-ecb00e0e4f64}</destination>
		</relationship>
		<relationship name="panner">
			<destination>{43090a52-4be4-4a65-a5f6-f165f89f6a3d}</destination>
		</relationship>
		<relationship name="mixer">
			<destination>{5279c55e-1f0d-4056-9852-bc1310220cb4}</destination>
		</relationship>
	</object>
	<object class="MixerBusEffectChain" id="{5eaffd7d-8ca6-4243-8c83-75efd4984393}">
		<relationship name="effects">
			<destination>{73ee07a4-f9ed-432c-85d4-1c6c508f8bb9}</destination>
		</relationship>
	</object>
	<object class="MixerBusPanner" id="{1df22ebf-0424-4ef3-9d3c-8d87668e6017}" />
	<object class="SingleSound" id="{a9433cab-b9cb-4f62-979e-3f726032fb4d}">
		<property name="length">
			<value>0.31346938775510202</value>
		</property>
		<relationship name="audioFile">
			<destination>{f790de42-4ba7-464a-b2fc-67f4d962b872}</destination>
		</relationship>
	</object>
	<object class="EventMixerGroup" id="{43ae499f-4049-499a-a64e-68845c844cd6}">
		<property name="name">
			<value>Audio 1</value>
		</property>
		<relationship name="effectChain">
			<destination>{9d573305-7d50-4c14-8ba3-a8fb7dccec59}</destination>
		</relationship>
		<relationship name="panner">
			<destination>{15f7f4d9-5ac1-45eb-afef-c39b971029cc}</destination>
		</relationship>
		<relationship name="output">
			<destination>{43070d5f-6993-45b8-8ea8-9dcb26d6cb9b}</destination>
		</relationship>
	</object>
	<object class="MixerBusEffectChain" id="{de0213a4-e95f-47c7-9710-ecb00e0e4f64}">
		<relationship name="effects">
			<destination>{e5009f86-43ea-4b63-b643-a2152b52b235}</destination>
		</relationship>
	</object>
	<object class="MixerBusPanner" id="{43090a52-4be4-4a65-a5f6-f165f89f6a3d}" />
	<object class="MixerBusFader" id="{73ee07a4-f9ed-432c-85d4-1c6c508f8bb9}" />
	<object class="MixerBusEffectChain" id="{9d573305-7d50-4c14-8ba3-a8fb7dccec59}">
		<relationship name="effects">
			<destination>{893936df-f709-448b-a137-350946ebd4a6}</destination>
		</relationship>
	</object>
	<object class="MixerBusPanner" id="{15f7f4d9-5ac1-45eb-afef-c39b971029cc}" />
	<object class="MixerBusFader" id="{e5009f86-43ea-4b63-b643-a2152b52b235}" />
	<object class="MixerBusFader" id="{893936df-f709-448b-a137-350946ebd4a6}" />
</objects>
