<?xml version="1.0" encoding="UTF-8"?>
<objects serializationModel="Studio.02.02.00">
	<object class="Event" id="{c692157d-3f7b-414e-a94d-887228c58fbc}">
		<property name="name">
			<value>step_concrete_bitcrush_1</value>
		</property>
		<property name="outputFormat">
			<value>1</value>
		</property>
		<relationship name="folder">
			<destination>{6428556b-2238-4125-83ab-835861788543}</destination>
		</relationship>
		<relationship name="mixer">
			<destination>{618e8061-d979-4808-83ce-9b5351ba7ca5}</destination>
		</relationship>
		<relationship name="masterTrack">
			<destination>{ee3c46cb-461f-4d95-97ac-77ca3a51be8d}</destination>
		</relationship>
		<relationship name="mixerInput">
			<destination>{22a7c8a4-6f4c-46d6-bb9d-bd36463cb67b}</destination>
		</relationship>
		<relationship name="automatableProperties">
			<destination>{7807a741-bff1-4a3c-8943-5e18468f9bb3}</destination>
		</relationship>
		<relationship name="markerTracks">
			<destination>{cbc1bf45-9c7e-4843-a75f-737e460dc3d5}</destination>
		</relationship>
		<relationship name="groupTracks">
			<destination>{2b15ffc0-565b-4d4b-832c-5728f9289895}</destination>
		</relationship>
		<relationship name="timeline">
			<destination>{7d690bee-f6ae-4183-a31a-248e3e37f5eb}</destination>
		</relationship>
		<relationship name="banks">
			<destination>{032e6365-1200-4515-a348-85c0a9f71723}</destination>
		</relationship>
	</object>
	<object class="EventMixer" id="{618e8061-d979-4808-83ce-9b5351ba7ca5}">
		<relationship name="masterBus">
			<destination>{42d6143c-1fab-4bd0-9700-4445c1b6caec}</destination>
		</relationship>
	</object>
	<object class="MasterTrack" id="{ee3c46cb-461f-4d95-97ac-77ca3a51be8d}">
		<relationship name="mixerGroup">
			<destination>{42d6143c-1fab-4bd0-9700-4445c1b6caec}</destination>
		</relationship>
	</object>
	<object class="MixerInput" id="{22a7c8a4-6f4c-46d6-bb9d-bd36463cb67b}">
		<relationship name="effectChain">
			<destination>{b32daaed-cb74-49e8-bd9e-5cd5a5e8384f}</destination>
		</relationship>
		<relationship name="panner">
			<destination>{9bdb0c14-16e1-4725-b36e-2d925c2d291c}</destination>
		</relationship>
		<relationship name="output">
			<destination>{17947602-2ebe-4344-9534-dc9ef36d73e5}</destination>
		</relationship>
	</object>
	<object class="EventAutomatableProperties" id="{7807a741-bff1-4a3c-8943-5e18468f9bb3}" />
	<object class="MarkerTrack" id="{cbc1bf45-9c7e-4843-a75f-737e460dc3d5}" />
	<object class="GroupTrack" id="{2b15ffc0-565b-4d4b-832c-5728f9289895}">
		<relationship name="modules">
			<destination>{bfa94c10-adb4-48bc-8af5-e662a64d3b6b}</destination>
		</relationship>
		<relationship name="mixerGroup">
			<destination>{e6177ec7-2d69-4329-8821-fd5b2f641d06}</destination>
		</relationship>
	</object>
	<object class="Timeline" id="{7d690bee-f6ae-4183-a31a-248e3e37f5eb}">
		<relationship name="modules">
			<destination>{bfa94c10-adb4-48bc-8af5-e662a64d3b6b}</destination>
		</relationship>
	</object>
	<object class="EventMixerMaster" id="{42d6143c-1fab-4bd0-9700-4445c1b6caec}">
		<relationship name="effectChain">
			<destination>{c2e3856a-d3ae-49ac-addd-8015df250e1e}</destination>
		</relationship>
		<relationship name="panner">
			<destination>{4248c56d-e1df-4833-8661-816c5495b5ea}</destination>
		</relationship>
		<relationship name="mixer">
			<destination>{618e8061-d979-4808-83ce-9b5351ba7ca5}</destination>
		</relationship>
	</object>
	<object class="MixerBusEffectChain" id="{b32daaed-cb74-49e8-bd9e-5cd5a5e8384f}">
		<relationship name="effects">
			<destination>{c04fcc03-8f20-49bb-88f2-f21c8da3f8fe}</destination>
		</relationship>
	</object>
	<object class="MixerBusPanner" id="{9bdb0c14-16e1-4725-b36e-2d925c2d291c}" />
	<object class="SingleSound" id="{bfa94c10-adb4-48bc-8af5-e662a64d3b6b}">
		<property name="length">
			<value>0.70530612244897961</value>
		</property>
		<relationship name="audioFile">
			<destination>{40ccac1e-70a1-441c-8991-2405907b1e80}</destination>
		</relationship>
	</object>
	<object class="EventMixerGroup" id="{e6177ec7-2d69-4329-8821-fd5b2f641d06}">
		<property name="name">
			<value>Audio 1</value>
		</property>
		<relationship name="effectChain">
			<destination>{0b6f9ef5-a0f6-41c0-ab75-aff1b6656ad7}</destination>
		</relationship>
		<relationship name="panner">
			<destination>{acd9191a-5d47-4271-ae1a-ca5d047f8b91}</destination>
		</relationship>
		<relationship name="output">
			<destination>{42d6143c-1fab-4bd0-9700-4445c1b6caec}</destination>
		</relationship>
	</object>
	<object class="MixerBusEffectChain" id="{c2e3856a-d3ae-49ac-addd-8015df250e1e}">
		<relationship name="effects">
			<destination>{3c681f0f-8f25-4157-89ca-d7afadcf503b}</destination>
		</relationship>
	</object>
	<object class="MixerBusPanner" id="{4248c56d-e1df-4833-8661-816c5495b5ea}" />
	<object class="MixerBusFader" id="{c04fcc03-8f20-49bb-88f2-f21c8da3f8fe}" />
	<object class="MixerBusEffectChain" id="{0b6f9ef5-a0f6-41c0-ab75-aff1b6656ad7}">
		<relationship name="effects">
			<destination>{3abf96ff-6580-4618-b5f2-442899398a82}</destination>
		</relationship>
	</object>
	<object class="MixerBusPanner" id="{acd9191a-5d47-4271-ae1a-ca5d047f8b91}" />
	<object class="MixerBusFader" id="{3c681f0f-8f25-4157-89ca-d7afadcf503b}" />
	<object class="MixerBusFader" id="{3abf96ff-6580-4618-b5f2-442899398a82}" />
</objects>
