<?xml version="1.0" encoding="UTF-8"?>
<objects serializationModel="Studio.02.02.00">
	<object class="Event" id="{c89a7511-6a1c-4a96-a28f-510054c3b7ad}">
		<property name="name">
			<value>Lake</value>
		</property>
		<property name="outputFormat">
			<value>1</value>
		</property>
		<relationship name="folder">
			<destination>{af760cd0-79d2-4dae-aea1-10cb2a6ef6c2}</destination>
		</relationship>
		<relationship name="mixer">
			<destination>{83b8bc95-adf7-4ea8-bdb6-b76405c494e6}</destination>
		</relationship>
		<relationship name="masterTrack">
			<destination>{03eac1e3-a0a6-4778-97f0-30c1649f19e0}</destination>
		</relationship>
		<relationship name="mixerInput">
			<destination>{2b949c22-e234-4623-a5b3-b14764adca48}</destination>
		</relationship>
		<relationship name="automatableProperties">
			<destination>{f34a3161-f103-4551-9002-dacf23e30040}</destination>
		</relationship>
		<relationship name="markerTracks">
			<destination>{efdfeef5-7300-4a4a-b043-fe2d8e1abaad}</destination>
		</relationship>
		<relationship name="groupTracks">
			<destination>{36681852-b049-4bd6-9d58-33d6c7875cf2}</destination>
		</relationship>
		<relationship name="timeline">
			<destination>{cb4debe6-4508-4b00-bf59-a8f78c86a239}</destination>
		</relationship>
		<relationship name="banks">
			<destination>{032e6365-1200-4515-a348-85c0a9f71723}</destination>
		</relationship>
	</object>
	<object class="EventMixer" id="{83b8bc95-adf7-4ea8-bdb6-b76405c494e6}">
		<relationship name="masterBus">
			<destination>{d36b45fd-5ae0-45ce-afdc-0bb9adebf6b1}</destination>
		</relationship>
	</object>
	<object class="MasterTrack" id="{03eac1e3-a0a6-4778-97f0-30c1649f19e0}">
		<relationship name="modules">
			<destination>{eb4b67a3-6c82-44d2-b5f2-0948ca00bd8f}</destination>
			<destination>{758ac490-579d-4e9a-82aa-330800e2f23a}</destination>
		</relationship>
		<relationship name="mixerGroup">
			<destination>{d36b45fd-5ae0-45ce-afdc-0bb9adebf6b1}</destination>
		</relationship>
	</object>
	<object class="MixerInput" id="{2b949c22-e234-4623-a5b3-b14764adca48}">
		<relationship name="effectChain">
			<destination>{905871e5-761c-4541-a23e-38a189a95e52}</destination>
		</relationship>
		<relationship name="panner">
			<destination>{24a391c4-badd-44c3-8d21-f2a566675b38}</destination>
		</relationship>
		<relationship name="output">
			<destination>{17947602-2ebe-4344-9534-dc9ef36d73e5}</destination>
		</relationship>
	</object>
	<object class="EventAutomatableProperties" id="{f34a3161-f103-4551-9002-dacf23e30040}" />
	<object class="MarkerTrack" id="{efdfeef5-7300-4a4a-b043-fe2d8e1abaad}" />
	<object class="GroupTrack" id="{36681852-b049-4bd6-9d58-33d6c7875cf2}">
		<relationship name="modules">
			<destination>{030c383f-c6a3-4688-8aa3-af09c1c39a88}</destination>
			<destination>{4797b8c8-3e3f-45ae-9248-89301764593e}</destination>
			<destination>{b79f9306-9bb9-4e82-838c-fe897570c772}</destination>
		</relationship>
		<relationship name="mixerGroup">
			<destination>{7a8308da-fc20-4234-813e-41bfb85d1da0}</destination>
		</relationship>
	</object>
	<object class="Timeline" id="{cb4debe6-4508-4b00-bf59-a8f78c86a239}">
		<relationship name="modules">
			<destination>{030c383f-c6a3-4688-8aa3-af09c1c39a88}</destination>
		</relationship>
		<relationship name="markers">
			<destination>{290f17a5-d1d0-4485-8e54-c262986f8d2b}</destination>
			<destination>{9cd2831e-d261-4e7e-94ad-58b603bab422}</destination>
			<destination>{48f1151c-4954-49bf-a203-89372a6f05ae}</destination>
		</relationship>
	</object>
	<object class="EventMixerMaster" id="{d36b45fd-5ae0-45ce-afdc-0bb9adebf6b1}">
		<relationship name="effectChain">
			<destination>{76908d05-c93a-4c15-85fe-94aeec844281}</destination>
		</relationship>
		<relationship name="panner">
			<destination>{8f76dc60-1ec2-42a7-b49c-6b24130b800d}</destination>
		</relationship>
		<relationship name="mixer">
			<destination>{83b8bc95-adf7-4ea8-bdb6-b76405c494e6}</destination>
		</relationship>
	</object>
	<object class="TransitionSourceSound" id="{eb4b67a3-6c82-44d2-b5f2-0948ca00bd8f}">
		<property name="length">
			<value>0</value>
		</property>
	</object>
	<object class="TransitionDestinationSound" id="{758ac490-579d-4e9a-82aa-330800e2f23a}">
		<property name="start">
			<value>30</value>
		</property>
		<property name="length">
			<value>0</value>
		</property>
	</object>
	<object class="MixerBusEffectChain" id="{905871e5-761c-4541-a23e-38a189a95e52}">
		<relationship name="effects">
			<destination>{b16898c7-2da6-428d-9e2c-c4856f19b304}</destination>
		</relationship>
	</object>
	<object class="MixerBusPanner" id="{24a391c4-badd-44c3-8d21-f2a566675b38}" />
	<object class="SingleSound" id="{030c383f-c6a3-4688-8aa3-af09c1c39a88}">
		<property name="length">
			<value>228.1273469387755</value>
		</property>
		<relationship name="audioFile">
			<destination>{4cf3d485-8248-4e81-889b-e36e5184248a}</destination>
		</relationship>
	</object>
	<object class="TransitionSourceSound" id="{4797b8c8-3e3f-45ae-9248-89301764593e}">
		<property name="length">
			<value>30</value>
		</property>
		<relationship name="fadeOutCurve">
			<destination>{6b4bc91e-0913-4f09-a78c-1be1846d2067}</destination>
		</relationship>
	</object>
	<object class="TransitionDestinationSound" id="{b79f9306-9bb9-4e82-838c-fe897570c772}">
		<property name="length">
			<value>30</value>
		</property>
		<relationship name="fadeInCurve">
			<destination>{b2ba5f3d-cad5-47f3-a3da-0350ffbb2f29}</destination>
		</relationship>
	</object>
	<object class="EventMixerGroup" id="{7a8308da-fc20-4234-813e-41bfb85d1da0}">
		<property name="name">
			<value>Audio 1</value>
		</property>
		<relationship name="effectChain">
			<destination>{cd4b2675-6836-4b0c-83cf-c1e9d928189b}</destination>
		</relationship>
		<relationship name="panner">
			<destination>{2ce8219b-1eca-44e2-aa7e-3778c58b8476}</destination>
		</relationship>
		<relationship name="output">
			<destination>{d36b45fd-5ae0-45ce-afdc-0bb9adebf6b1}</destination>
		</relationship>
	</object>
	<object class="TempoMarker" id="{290f17a5-d1d0-4485-8e54-c262986f8d2b}">
		<property name="position">
			<value>0</value>
		</property>
		<relationship name="timeline">
			<destination>{cb4debe6-4508-4b00-bf59-a8f78c86a239}</destination>
		</relationship>
		<relationship name="markerTrack">
			<destination>{efdfeef5-7300-4a4a-b043-fe2d8e1abaad}</destination>
		</relationship>
	</object>
	<object class="NamedMarker" id="{9cd2831e-d261-4e7e-94ad-58b603bab422}">
		<property name="position">
			<value>6</value>
		</property>
		<property name="name">
			<value>Start</value>
		</property>
		<relationship name="timeline">
			<destination>{cb4debe6-4508-4b00-bf59-a8f78c86a239}</destination>
		</relationship>
		<relationship name="markerTrack">
			<destination>{efdfeef5-7300-4a4a-b043-fe2d8e1abaad}</destination>
		</relationship>
	</object>
	<object class="TransitionMarker" id="{48f1151c-4954-49bf-a203-89372a6f05ae}">
		<property name="position">
			<value>220</value>
		</property>
		<relationship name="timeline">
			<destination>{cb4debe6-4508-4b00-bf59-a8f78c86a239}</destination>
		</relationship>
		<relationship name="markerTrack">
			<destination>{efdfeef5-7300-4a4a-b043-fe2d8e1abaad}</destination>
		</relationship>
		<relationship name="transitionTimeline">
			<destination>{7a491f90-8de6-4fbd-a7a3-b96a52881c2b}</destination>
		</relationship>
		<relationship name="destination">
			<destination>{9cd2831e-d261-4e7e-94ad-58b603bab422}</destination>
		</relationship>
	</object>
	<object class="MixerBusEffectChain" id="{76908d05-c93a-4c15-85fe-94aeec844281}">
		<relationship name="effects">
			<destination>{d9b28efb-b46d-406f-afa1-21be2e6d7e43}</destination>
		</relationship>
	</object>
	<object class="MixerBusPanner" id="{8f76dc60-1ec2-42a7-b49c-6b24130b800d}" />
	<object class="MixerBusFader" id="{b16898c7-2da6-428d-9e2c-c4856f19b304}" />
	<object class="TransitionSourceFadeOutCurve" id="{6b4bc91e-0913-4f09-a78c-1be1846d2067}">
		<relationship name="startPoint">
			<destination>{625864ad-e07e-4fd5-9c36-3e784659d4b5}</destination>
		</relationship>
		<relationship name="endPoint">
			<destination>{1a1e0e1a-8df7-4dc5-ba3c-030d62158a5f}</destination>
		</relationship>
		<relationship name="relatedModule">
			<destination>{b79f9306-9bb9-4e82-838c-fe897570c772}</destination>
		</relationship>
	</object>
	<object class="TransitionDestinationFadeInCurve" id="{b2ba5f3d-cad5-47f3-a3da-0350ffbb2f29}">
		<relationship name="startPoint">
			<destination>{a6b20c73-d2a0-40c7-9cd3-b70293c3adfb}</destination>
		</relationship>
		<relationship name="endPoint">
			<destination>{6f871904-6d13-4059-b40b-9171296f4e78}</destination>
		</relationship>
		<relationship name="relatedModule">
			<destination>{4797b8c8-3e3f-45ae-9248-89301764593e}</destination>
		</relationship>
	</object>
	<object class="MixerBusEffectChain" id="{cd4b2675-6836-4b0c-83cf-c1e9d928189b}">
		<relationship name="effects">
			<destination>{73dc51cd-cbf9-4e7d-9058-91cf60024ed0}</destination>
		</relationship>
	</object>
	<object class="MixerBusPanner" id="{2ce8219b-1eca-44e2-aa7e-3778c58b8476}" />
	<object class="TransitionTimeline" id="{7a491f90-8de6-4fbd-a7a3-b96a52881c2b}">
		<property name="length">
			<value>30</value>
		</property>
		<relationship name="modules">
			<destination>{4797b8c8-3e3f-45ae-9248-89301764593e}</destination>
			<destination>{b79f9306-9bb9-4e82-838c-fe897570c772}</destination>
			<destination>{eb4b67a3-6c82-44d2-b5f2-0948ca00bd8f}</destination>
			<destination>{758ac490-579d-4e9a-82aa-330800e2f23a}</destination>
		</relationship>
	</object>
	<object class="MixerBusFader" id="{d9b28efb-b46d-406f-afa1-21be2e6d7e43}" />
	<object class="AutomationPoint" id="{625864ad-e07e-4fd5-9c36-3e784659d4b5}">
		<property name="position">
			<value>0</value>
		</property>
		<property name="value">
			<value>1</value>
		</property>
		<property name="curveShape">
			<value>-0.250015825</value>
		</property>
	</object>
	<object class="AutomationPoint" id="{1a1e0e1a-8df7-4dc5-ba3c-030d62158a5f}">
		<property name="position">
			<value>30</value>
		</property>
		<property name="value">
			<value>0</value>
		</property>
	</object>
	<object class="AutomationPoint" id="{a6b20c73-d2a0-40c7-9cd3-b70293c3adfb}">
		<property name="position">
			<value>0</value>
		</property>
		<property name="value">
			<value>0</value>
		</property>
		<property name="curveShape">
			<value>-0.220748246</value>
		</property>
	</object>
	<object class="AutomationPoint" id="{6f871904-6d13-4059-b40b-9171296f4e78}">
		<property name="position">
			<value>30</value>
		</property>
		<property name="value">
			<value>1</value>
		</property>
	</object>
	<object class="MixerBusFader" id="{73dc51cd-cbf9-4e7d-9058-91cf60024ed0}" />
</objects>
