<?xml version="1.0" encoding="UTF-8"?>
<objects serializationModel="Studio.02.02.00">
	<object class="Event" id="{cf67ee56-2b45-4b90-b74c-ca747897990c}">
		<property name="name">
			<value>paper_bag_touch_bitcrush_2</value>
		</property>
		<property name="outputFormat">
			<value>2</value>
		</property>
		<relationship name="folder">
			<destination>{ede2f3bd-5827-4fb0-bd7e-5c93efe15572}</destination>
		</relationship>
		<relationship name="mixer">
			<destination>{9e2372d2-fe44-44bc-9189-dc0a005ac7a7}</destination>
		</relationship>
		<relationship name="masterTrack">
			<destination>{ff161ac7-f98f-4ea9-a8c5-4b11cecfdc73}</destination>
		</relationship>
		<relationship name="mixerInput">
			<destination>{22da6184-367a-403b-bc55-abe81295a2cd}</destination>
		</relationship>
		<relationship name="automatableProperties">
			<destination>{5479b8c2-6b12-4b8d-b2ca-f797db9940be}</destination>
		</relationship>
		<relationship name="markerTracks">
			<destination>{2c0e0826-626a-4914-9ec4-ee152272ca08}</destination>
		</relationship>
		<relationship name="groupTracks">
			<destination>{226440b4-f296-4b38-a080-39ecb5450106}</destination>
		</relationship>
		<relationship name="timeline">
			<destination>{6ff8a352-9c2a-4303-ac14-10f71ecd059e}</destination>
		</relationship>
		<relationship name="banks">
			<destination>{032e6365-1200-4515-a348-85c0a9f71723}</destination>
		</relationship>
	</object>
	<object class="EventMixer" id="{9e2372d2-fe44-44bc-9189-dc0a005ac7a7}">
		<relationship name="masterBus">
			<destination>{ec9e2d72-d4e1-4ad0-ba1a-23de42386e1f}</destination>
		</relationship>
	</object>
	<object class="MasterTrack" id="{ff161ac7-f98f-4ea9-a8c5-4b11cecfdc73}">
		<relationship name="mixerGroup">
			<destination>{ec9e2d72-d4e1-4ad0-ba1a-23de42386e1f}</destination>
		</relationship>
	</object>
	<object class="MixerInput" id="{22da6184-367a-403b-bc55-abe81295a2cd}">
		<relationship name="effectChain">
			<destination>{8d80c560-d336-4863-9d1d-8d05e78ffe8d}</destination>
		</relationship>
		<relationship name="panner">
			<destination>{e9cad041-6419-46b0-9936-8ee727531c46}</destination>
		</relationship>
		<relationship name="output">
			<destination>{17947602-2ebe-4344-9534-dc9ef36d73e5}</destination>
		</relationship>
	</object>
	<object class="EventAutomatableProperties" id="{5479b8c2-6b12-4b8d-b2ca-f797db9940be}" />
	<object class="MarkerTrack" id="{2c0e0826-626a-4914-9ec4-ee152272ca08}" />
	<object class="GroupTrack" id="{226440b4-f296-4b38-a080-39ecb5450106}">
		<relationship name="modules">
			<destination>{b18d819a-a4e0-4a33-87b1-d95e7f0500f4}</destination>
		</relationship>
		<relationship name="mixerGroup">
			<destination>{7bfcc24b-b1bb-409a-bcda-1dad2057152f}</destination>
		</relationship>
	</object>
	<object class="Timeline" id="{6ff8a352-9c2a-4303-ac14-10f71ecd059e}">
		<relationship name="modules">
			<destination>{b18d819a-a4e0-4a33-87b1-d95e7f0500f4}</destination>
		</relationship>
	</object>
	<object class="EventMixerMaster" id="{ec9e2d72-d4e1-4ad0-ba1a-23de42386e1f}">
		<relationship name="effectChain">
			<destination>{c1b98fa1-6b71-4053-b62a-22f9d9670f97}</destination>
		</relationship>
		<relationship name="panner">
			<destination>{ac946de7-70fe-43a3-b9aa-3cd21e5e15d2}</destination>
		</relationship>
		<relationship name="mixer">
			<destination>{9e2372d2-fe44-44bc-9189-dc0a005ac7a7}</destination>
		</relationship>
	</object>
	<object class="MixerBusEffectChain" id="{8d80c560-d336-4863-9d1d-8d05e78ffe8d}">
		<relationship name="effects">
			<destination>{aa3d5ed6-18bd-4ad9-b283-678054d59532}</destination>
		</relationship>
	</object>
	<object class="MixerBusPanner" id="{e9cad041-6419-46b0-9936-8ee727531c46}" />
	<object class="SingleSound" id="{b18d819a-a4e0-4a33-87b1-d95e7f0500f4}">
		<property name="length">
			<value>1.9069387755102041</value>
		</property>
		<relationship name="audioFile">
			<destination>{060844c6-2f53-470b-a177-686f962b4491}</destination>
		</relationship>
	</object>
	<object class="EventMixerGroup" id="{7bfcc24b-b1bb-409a-bcda-1dad2057152f}">
		<property name="name">
			<value>Audio 1</value>
		</property>
		<relationship name="effectChain">
			<destination>{531f06bc-c596-454b-8cac-9d56c593493d}</destination>
		</relationship>
		<relationship name="panner">
			<destination>{af208894-6bd0-434a-ba35-8d462847f119}</destination>
		</relationship>
		<relationship name="output">
			<destination>{ec9e2d72-d4e1-4ad0-ba1a-23de42386e1f}</destination>
		</relationship>
	</object>
	<object class="MixerBusEffectChain" id="{c1b98fa1-6b71-4053-b62a-22f9d9670f97}">
		<relationship name="effects">
			<destination>{2f1d6299-245d-452f-98fb-4ca93854d055}</destination>
			<destination>{9e045c7a-7d79-4878-9045-bedd29e4c007}</destination>
		</relationship>
	</object>
	<object class="MixerBusPanner" id="{ac946de7-70fe-43a3-b9aa-3cd21e5e15d2}" />
	<object class="MixerBusFader" id="{aa3d5ed6-18bd-4ad9-b283-678054d59532}" />
	<object class="MixerBusEffectChain" id="{531f06bc-c596-454b-8cac-9d56c593493d}">
		<relationship name="effects">
			<destination>{fd87af0c-982d-470c-a28c-cf1e6e02774d}</destination>
		</relationship>
	</object>
	<object class="MixerBusPanner" id="{af208894-6bd0-434a-ba35-8d462847f119}" />
	<object class="MixerBusFader" id="{2f1d6299-245d-452f-98fb-4ca93854d055}" />
	<object class="SpatialiserEffect" id="{9e045c7a-7d79-4878-9045-bedd29e4c007}" />
	<object class="MixerBusFader" id="{fd87af0c-982d-470c-a28c-cf1e6e02774d}" />
</objects>
