<?xml version="1.0" encoding="UTF-8"?>
<objects serializationModel="Studio.02.02.00">
	<object class="Event" id="{e266018b-d246-469d-b3f1-8d26b650830e}">
		<property name="name">
			<value>step_concrete_bitcrush_2</value>
		</property>
		<property name="outputFormat">
			<value>1</value>
		</property>
		<relationship name="folder">
			<destination>{6428556b-2238-4125-83ab-835861788543}</destination>
		</relationship>
		<relationship name="mixer">
			<destination>{56b731ed-e45c-4cc2-8cbb-26bfbbd5b6c0}</destination>
		</relationship>
		<relationship name="masterTrack">
			<destination>{7e01bf6a-4b22-485a-91d6-8a01276eb40d}</destination>
		</relationship>
		<relationship name="mixerInput">
			<destination>{d5582b65-81b4-4499-80f7-0e72ca24bb56}</destination>
		</relationship>
		<relationship name="automatableProperties">
			<destination>{0af7ed60-a33c-4b24-bf9b-8a471fdabd74}</destination>
		</relationship>
		<relationship name="markerTracks">
			<destination>{aa394ba2-f065-4d91-b782-56dd51d7bdaf}</destination>
		</relationship>
		<relationship name="groupTracks">
			<destination>{dd89cac1-b057-494b-964e-3ad4c07765fe}</destination>
		</relationship>
		<relationship name="timeline">
			<destination>{b125ead4-8469-43b4-98ee-47456a4d3f93}</destination>
		</relationship>
		<relationship name="banks">
			<destination>{032e6365-1200-4515-a348-85c0a9f71723}</destination>
		</relationship>
	</object>
	<object class="EventMixer" id="{56b731ed-e45c-4cc2-8cbb-26bfbbd5b6c0}">
		<relationship name="masterBus">
			<destination>{ba27ce2e-665c-4cdd-94d8-a2c944f15bac}</destination>
		</relationship>
	</object>
	<object class="MasterTrack" id="{7e01bf6a-4b22-485a-91d6-8a01276eb40d}">
		<relationship name="mixerGroup">
			<destination>{ba27ce2e-665c-4cdd-94d8-a2c944f15bac}</destination>
		</relationship>
	</object>
	<object class="MixerInput" id="{d5582b65-81b4-4499-80f7-0e72ca24bb56}">
		<relationship name="effectChain">
			<destination>{7a8a0045-7829-4a5b-b11f-7a31ce1f90ca}</destination>
		</relationship>
		<relationship name="panner">
			<destination>{84ab1a67-8358-4176-bc1a-290f39a602e2}</destination>
		</relationship>
		<relationship name="output">
			<destination>{17947602-2ebe-4344-9534-dc9ef36d73e5}</destination>
		</relationship>
	</object>
	<object class="EventAutomatableProperties" id="{0af7ed60-a33c-4b24-bf9b-8a471fdabd74}" />
	<object class="MarkerTrack" id="{aa394ba2-f065-4d91-b782-56dd51d7bdaf}" />
	<object class="GroupTrack" id="{dd89cac1-b057-494b-964e-3ad4c07765fe}">
		<relationship name="modules">
			<destination>{58c2b279-baa3-41cc-a0d4-de1058941f9c}</destination>
		</relationship>
		<relationship name="mixerGroup">
			<destination>{73117b52-6b90-4ab7-a9b3-35b413290f63}</destination>
		</relationship>
	</object>
	<object class="Timeline" id="{b125ead4-8469-43b4-98ee-47456a4d3f93}">
		<relationship name="modules">
			<destination>{58c2b279-baa3-41cc-a0d4-de1058941f9c}</destination>
		</relationship>
	</object>
	<object class="EventMixerMaster" id="{ba27ce2e-665c-4cdd-94d8-a2c944f15bac}">
		<relationship name="effectChain">
			<destination>{d3f00399-bd16-43ea-b59b-683b1284a0cf}</destination>
		</relationship>
		<relationship name="panner">
			<destination>{2c510d29-a838-44e1-8d88-96c676d56c3f}</destination>
		</relationship>
		<relationship name="mixer">
			<destination>{56b731ed-e45c-4cc2-8cbb-26bfbbd5b6c0}</destination>
		</relationship>
	</object>
	<object class="MixerBusEffectChain" id="{7a8a0045-7829-4a5b-b11f-7a31ce1f90ca}">
		<relationship name="effects">
			<destination>{7dbf1219-ba11-4c28-bd63-6478d4605d1f}</destination>
		</relationship>
	</object>
	<object class="MixerBusPanner" id="{84ab1a67-8358-4176-bc1a-290f39a602e2}" />
	<object class="SingleSound" id="{58c2b279-baa3-41cc-a0d4-de1058941f9c}">
		<property name="length">
			<value>0.70530612244897961</value>
		</property>
		<relationship name="audioFile">
			<destination>{5503a47a-b9eb-40df-9049-5430558e547f}</destination>
		</relationship>
	</object>
	<object class="EventMixerGroup" id="{73117b52-6b90-4ab7-a9b3-35b413290f63}">
		<property name="name">
			<value>Audio 1</value>
		</property>
		<relationship name="effectChain">
			<destination>{607173a0-b65f-47d7-bb78-8cc151942f38}</destination>
		</relationship>
		<relationship name="panner">
			<destination>{ddd7fe45-229e-4073-80ff-57e021ddadb4}</destination>
		</relationship>
		<relationship name="output">
			<destination>{ba27ce2e-665c-4cdd-94d8-a2c944f15bac}</destination>
		</relationship>
	</object>
	<object class="MixerBusEffectChain" id="{d3f00399-bd16-43ea-b59b-683b1284a0cf}">
		<relationship name="effects">
			<destination>{5b790755-ec50-4bc1-a8a4-8d761e6fbff6}</destination>
		</relationship>
	</object>
	<object class="MixerBusPanner" id="{2c510d29-a838-44e1-8d88-96c676d56c3f}" />
	<object class="MixerBusFader" id="{7dbf1219-ba11-4c28-bd63-6478d4605d1f}" />
	<object class="MixerBusEffectChain" id="{607173a0-b65f-47d7-bb78-8cc151942f38}">
		<relationship name="effects">
			<destination>{f570ddfb-7b5a-4846-b7fb-6c8cf7cddf9e}</destination>
		</relationship>
	</object>
	<object class="MixerBusPanner" id="{ddd7fe45-229e-4073-80ff-57e021ddadb4}" />
	<object class="MixerBusFader" id="{5b790755-ec50-4bc1-a8a4-8d761e6fbff6}" />
	<object class="MixerBusFader" id="{f570ddfb-7b5a-4846-b7fb-6c8cf7cddf9e}" />
</objects>
