<?xml version="1.0" encoding="UTF-8"?>
<objects serializationModel="Studio.02.02.00">
	<object class="Event" id="{f4647451-bebe-4139-b443-aa8460894310}">
		<property name="name">
			<value>step_wood_bitcrush_3</value>
		</property>
		<property name="outputFormat">
			<value>1</value>
		</property>
		<relationship name="folder">
			<destination>{c6b95677-b78f-41af-8801-26e20883aff0}</destination>
		</relationship>
		<relationship name="mixer">
			<destination>{a3bfc420-b8ed-4276-800f-dfbf02bd51be}</destination>
		</relationship>
		<relationship name="masterTrack">
			<destination>{1ba03f76-c965-43bd-af1f-b5b078a6161a}</destination>
		</relationship>
		<relationship name="mixerInput">
			<destination>{3af7f347-1e90-4c89-8ca2-665f6cc9723b}</destination>
		</relationship>
		<relationship name="automatableProperties">
			<destination>{f74ce5e1-d77f-44dc-a12f-38b3e1a4b284}</destination>
		</relationship>
		<relationship name="markerTracks">
			<destination>{0c13b1da-524d-476a-95e2-8def84bd3a3b}</destination>
		</relationship>
		<relationship name="groupTracks">
			<destination>{4d8a7ed4-1aae-4eb1-848c-d6ae7da2c055}</destination>
		</relationship>
		<relationship name="timeline">
			<destination>{6e11cbd8-c512-46f0-9144-7b4db4924fcb}</destination>
		</relationship>
		<relationship name="banks">
			<destination>{032e6365-1200-4515-a348-85c0a9f71723}</destination>
		</relationship>
	</object>
	<object class="EventMixer" id="{a3bfc420-b8ed-4276-800f-dfbf02bd51be}">
		<relationship name="masterBus">
			<destination>{a4feaf4a-a1a4-4320-93e0-bb1d6b307cb2}</destination>
		</relationship>
	</object>
	<object class="MasterTrack" id="{1ba03f76-c965-43bd-af1f-b5b078a6161a}">
		<relationship name="mixerGroup">
			<destination>{a4feaf4a-a1a4-4320-93e0-bb1d6b307cb2}</destination>
		</relationship>
	</object>
	<object class="MixerInput" id="{3af7f347-1e90-4c89-8ca2-665f6cc9723b}">
		<relationship name="effectChain">
			<destination>{52e09b1f-e889-4c16-a9b0-273784e27a8e}</destination>
		</relationship>
		<relationship name="panner">
			<destination>{06108403-ad6c-4104-abcd-e642d60bfbc0}</destination>
		</relationship>
		<relationship name="output">
			<destination>{17947602-2ebe-4344-9534-dc9ef36d73e5}</destination>
		</relationship>
	</object>
	<object class="EventAutomatableProperties" id="{f74ce5e1-d77f-44dc-a12f-38b3e1a4b284}" />
	<object class="MarkerTrack" id="{0c13b1da-524d-476a-95e2-8def84bd3a3b}" />
	<object class="GroupTrack" id="{4d8a7ed4-1aae-4eb1-848c-d6ae7da2c055}">
		<relationship name="modules">
			<destination>{41a7e1ba-085a-42d0-8b36-171e34b4de91}</destination>
		</relationship>
		<relationship name="mixerGroup">
			<destination>{e30736db-255b-48e9-b5af-1753d5ad565b}</destination>
		</relationship>
	</object>
	<object class="Timeline" id="{6e11cbd8-c512-46f0-9144-7b4db4924fcb}">
		<relationship name="modules">
			<destination>{41a7e1ba-085a-42d0-8b36-171e34b4de91}</destination>
		</relationship>
	</object>
	<object class="EventMixerMaster" id="{a4feaf4a-a1a4-4320-93e0-bb1d6b307cb2}">
		<relationship name="effectChain">
			<destination>{37036307-786e-43e8-b517-a78e205c4ae2}</destination>
		</relationship>
		<relationship name="panner">
			<destination>{e11e1da2-df2f-4d22-82cf-0179d6bdd68f}</destination>
		</relationship>
		<relationship name="mixer">
			<destination>{a3bfc420-b8ed-4276-800f-dfbf02bd51be}</destination>
		</relationship>
	</object>
	<object class="MixerBusEffectChain" id="{52e09b1f-e889-4c16-a9b0-273784e27a8e}">
		<relationship name="effects">
			<destination>{cd122100-59f9-47f0-af77-e3955bbc3c36}</destination>
		</relationship>
	</object>
	<object class="MixerBusPanner" id="{06108403-ad6c-4104-abcd-e642d60bfbc0}" />
	<object class="SingleSound" id="{41a7e1ba-085a-42d0-8b36-171e34b4de91}">
		<property name="length">
			<value>0.39183673469387753</value>
		</property>
		<relationship name="audioFile">
			<destination>{844784fc-a644-4e48-a182-8c4d06f033f1}</destination>
		</relationship>
	</object>
	<object class="EventMixerGroup" id="{e30736db-255b-48e9-b5af-1753d5ad565b}">
		<property name="name">
			<value>Audio 1</value>
		</property>
		<relationship name="effectChain">
			<destination>{6fd20214-53d7-4752-a74b-dcffacc4b8e0}</destination>
		</relationship>
		<relationship name="panner">
			<destination>{1ad379b6-0137-4bf7-a134-d4b819d1a67a}</destination>
		</relationship>
		<relationship name="output">
			<destination>{a4feaf4a-a1a4-4320-93e0-bb1d6b307cb2}</destination>
		</relationship>
	</object>
	<object class="MixerBusEffectChain" id="{37036307-786e-43e8-b517-a78e205c4ae2}">
		<relationship name="effects">
			<destination>{1a5dd715-7588-4846-84db-98208af3aa48}</destination>
		</relationship>
	</object>
	<object class="MixerBusPanner" id="{e11e1da2-df2f-4d22-82cf-0179d6bdd68f}" />
	<object class="MixerBusFader" id="{cd122100-59f9-47f0-af77-e3955bbc3c36}" />
	<object class="MixerBusEffectChain" id="{6fd20214-53d7-4752-a74b-dcffacc4b8e0}">
		<relationship name="effects">
			<destination>{02352014-c2af-4be4-a693-5a7acd353255}</destination>
		</relationship>
	</object>
	<object class="MixerBusPanner" id="{1ad379b6-0137-4bf7-a134-d4b819d1a67a}" />
	<object class="MixerBusFader" id="{1a5dd715-7588-4846-84db-98208af3aa48}" />
	<object class="MixerBusFader" id="{02352014-c2af-4be4-a693-5a7acd353255}" />
</objects>
