<?xml version="1.0" encoding="UTF-8"?>
<objects serializationModel="Studio.02.02.00">
	<object class="Event" id="{f5ec623d-76d0-4631-945e-3b1def58eade}">
		<property name="name">
			<value>electricity_box_3</value>
		</property>
		<property name="outputFormat">
			<value>2</value>
		</property>
		<relationship name="folder">
			<destination>{d89c97a2-73b7-4644-a579-4463fba4840b}</destination>
		</relationship>
		<relationship name="mixer">
			<destination>{41e4decc-7e66-4dd8-8b49-a59c7d67ca5a}</destination>
		</relationship>
		<relationship name="masterTrack">
			<destination>{15f106cd-1661-49d8-a574-59fc5405d9c0}</destination>
		</relationship>
		<relationship name="mixerInput">
			<destination>{067e9874-e89f-4540-8a7e-fe982b6bc946}</destination>
		</relationship>
		<relationship name="automatableProperties">
			<destination>{1c169cb2-231a-4ebe-98ba-2e99c7d1d55a}</destination>
		</relationship>
		<relationship name="markerTracks">
			<destination>{71507f45-0113-49b3-84e9-9b4957d686d7}</destination>
		</relationship>
		<relationship name="groupTracks">
			<destination>{51e1cd6d-97a6-4725-acaa-079cf1a7702e}</destination>
		</relationship>
		<relationship name="timeline">
			<destination>{21b1f236-e9ea-456c-a8fb-f42533337ec9}</destination>
		</relationship>
		<relationship name="banks">
			<destination>{032e6365-1200-4515-a348-85c0a9f71723}</destination>
		</relationship>
	</object>
	<object class="EventMixer" id="{41e4decc-7e66-4dd8-8b49-a59c7d67ca5a}">
		<relationship name="masterBus">
			<destination>{56872a28-43ee-4ada-b811-76a24cb5cf35}</destination>
		</relationship>
	</object>
	<object class="MasterTrack" id="{15f106cd-1661-49d8-a574-59fc5405d9c0}">
		<relationship name="mixerGroup">
			<destination>{56872a28-43ee-4ada-b811-76a24cb5cf35}</destination>
		</relationship>
	</object>
	<object class="MixerInput" id="{067e9874-e89f-4540-8a7e-fe982b6bc946}">
		<relationship name="effectChain">
			<destination>{4924e3bb-619d-4948-974d-ed1442857e88}</destination>
		</relationship>
		<relationship name="panner">
			<destination>{c9885faa-eec5-46a8-b2f3-442d333df48c}</destination>
		</relationship>
		<relationship name="output">
			<destination>{17947602-2ebe-4344-9534-dc9ef36d73e5}</destination>
		</relationship>
	</object>
	<object class="EventAutomatableProperties" id="{1c169cb2-231a-4ebe-98ba-2e99c7d1d55a}" />
	<object class="MarkerTrack" id="{71507f45-0113-49b3-84e9-9b4957d686d7}" />
	<object class="GroupTrack" id="{51e1cd6d-97a6-4725-acaa-079cf1a7702e}">
		<relationship name="modules">
			<destination>{1a5092cf-5104-4f47-9723-2c766debcdba}</destination>
		</relationship>
		<relationship name="mixerGroup">
			<destination>{0a8d268c-5ca2-4d3c-ae98-b95fb63ca117}</destination>
		</relationship>
	</object>
	<object class="Timeline" id="{21b1f236-e9ea-456c-a8fb-f42533337ec9}">
		<relationship name="modules">
			<destination>{1a5092cf-5104-4f47-9723-2c766debcdba}</destination>
		</relationship>
	</object>
	<object class="EventMixerMaster" id="{56872a28-43ee-4ada-b811-76a24cb5cf35}">
		<relationship name="effectChain">
			<destination>{c442093c-1dd3-48f2-94e5-94fcf34aaa6c}</destination>
		</relationship>
		<relationship name="panner">
			<destination>{e025b1cf-9b59-4e19-88e0-9932ec899985}</destination>
		</relationship>
		<relationship name="mixer">
			<destination>{41e4decc-7e66-4dd8-8b49-a59c7d67ca5a}</destination>
		</relationship>
	</object>
	<object class="MixerBusEffectChain" id="{4924e3bb-619d-4948-974d-ed1442857e88}">
		<relationship name="effects">
			<destination>{232e5a34-1c79-4977-a7da-50987b6cf200}</destination>
		</relationship>
	</object>
	<object class="MixerBusPanner" id="{c9885faa-eec5-46a8-b2f3-442d333df48c}" />
	<object class="SingleSound" id="{1a5092cf-5104-4f47-9723-2c766debcdba}">
		<property name="length">
			<value>0.78367346938775506</value>
		</property>
		<relationship name="audioFile">
			<destination>{724878c8-4f92-477b-9cc2-68481a141764}</destination>
		</relationship>
	</object>
	<object class="EventMixerGroup" id="{0a8d268c-5ca2-4d3c-ae98-b95fb63ca117}">
		<property name="name">
			<value>Audio 1</value>
		</property>
		<relationship name="effectChain">
			<destination>{3d7b14e1-36da-4158-9f0e-ed624249f523}</destination>
		</relationship>
		<relationship name="panner">
			<destination>{71721449-2baf-49cd-be31-019e87a1d648}</destination>
		</relationship>
		<relationship name="output">
			<destination>{56872a28-43ee-4ada-b811-76a24cb5cf35}</destination>
		</relationship>
	</object>
	<object class="MixerBusEffectChain" id="{c442093c-1dd3-48f2-94e5-94fcf34aaa6c}">
		<relationship name="effects">
			<destination>{27e8cbd7-7d44-4d5b-8273-b2a82e2ff2fb}</destination>
			<destination>{2eb09cc1-279d-4393-ae7e-b5a3e70273e9}</destination>
		</relationship>
	</object>
	<object class="MixerBusPanner" id="{e025b1cf-9b59-4e19-88e0-9932ec899985}" />
	<object class="MixerBusFader" id="{232e5a34-1c79-4977-a7da-50987b6cf200}" />
	<object class="MixerBusEffectChain" id="{3d7b14e1-36da-4158-9f0e-ed624249f523}">
		<relationship name="effects">
			<destination>{2a174490-d2ec-4a3f-8f00-91efd3949b2a}</destination>
		</relationship>
	</object>
	<object class="MixerBusPanner" id="{71721449-2baf-49cd-be31-019e87a1d648}" />
	<object class="MixerBusFader" id="{27e8cbd7-7d44-4d5b-8273-b2a82e2ff2fb}" />
	<object class="SpatialiserEffect" id="{2eb09cc1-279d-4393-ae7e-b5a3e70273e9}" />
	<object class="MixerBusFader" id="{2a174490-d2ec-4a3f-8f00-91efd3949b2a}" />
</objects>
