<?xml version="1.0" encoding="UTF-8"?>
<objects serializationModel="Studio.02.02.00">
	<object class="EncodingSetting" id="{0c990db0-b94f-4966-8e64-9788ac7ddc88}">
		<property name="encodingFormat">
			<value>3</value>
		</property>
		<property name="quality">
			<value>72</value>
		</property>
		<relationship name="platform">
			<destination>{9cc85300-6306-42a5-bd14-3e5a71fdbc47}</destination>
		</relationship>
		<relationship name="encodable">
			<destination>{8aa49c89-c2c7-4c6b-b5c0-81bcca0ea3a4}</destination>
		</relationship>
	</object>
</objects>
