<?xml version="1.0" encoding="UTF-8"?>
<objects serializationModel="Studio.02.02.00">
	<object class="EncodingSetting" id="{159e0cc2-ec9a-46e2-9f2d-023a088b7980}">
		<property name="encodingFormat">
			<value>3</value>
		</property>
		<property name="quality">
			<value>72</value>
		</property>
		<relationship name="platform">
			<destination>{9cc85300-6306-42a5-bd14-3e5a71fdbc47}</destination>
		</relationship>
		<relationship name="encodable">
			<destination>{cb0d4673-108a-467f-bb67-b83704020012}</destination>
		</relationship>
	</object>
</objects>
