<?xml version="1.0" encoding="UTF-8"?>
<objects serializationModel="Studio.02.02.00">
	<object class="EncodingSetting" id="{1e5f9b4d-b13d-4dac-8d34-cdde4cf0edde}">
		<property name="encodingFormat">
			<value>3</value>
		</property>
		<property name="quality">
			<value>71</value>
		</property>
		<relationship name="platform">
			<destination>{9cc85300-6306-42a5-bd14-3e5a71fdbc47}</destination>
		</relationship>
		<relationship name="encodable">
			<destination>{48ec441f-7bb0-4995-9d63-1841f289ab67}</destination>
		</relationship>
	</object>
</objects>
