<?xml version="1.0" encoding="UTF-8"?>
<objects serializationModel="Studio.02.02.00">
	<object class="EncodingSetting" id="{43491355-097b-4959-a938-d8bbaef77068}">
		<property name="encodingFormat">
			<value>3</value>
		</property>
		<property name="quality">
			<value>71</value>
		</property>
		<relationship name="platform">
			<destination>{9cc85300-6306-42a5-bd14-3e5a71fdbc47}</destination>
		</relationship>
		<relationship name="encodable">
			<destination>{e21e6912-8a53-4316-b187-381bd3a4d26d}</destination>
		</relationship>
	</object>
</objects>
