<?xml version="1.0" encoding="UTF-8"?>
<objects serializationModel="Studio.02.02.00">
	<object class="EncodingSetting" id="{524c3876-0b03-4566-87eb-bdd0abff558d}">
		<property name="encodingFormat">
			<value>3</value>
		</property>
		<property name="quality">
			<value>71</value>
		</property>
		<relationship name="platform">
			<destination>{9cc85300-6306-42a5-bd14-3e5a71fdbc47}</destination>
		</relationship>
		<relationship name="encodable">
			<destination>{70e9f5f5-2eaf-4c67-8600-9bf3ced15237}</destination>
		</relationship>
	</object>
</objects>
