<?xml version="1.0" encoding="UTF-8"?>
<objects serializationModel="Studio.02.02.00">
	<object class="EncodingSetting" id="{5fd4582d-6c3b-467b-b9c7-75c2f7904e8c}">
		<property name="encodingFormat">
			<value>3</value>
		</property>
		<property name="quality">
			<value>72</value>
		</property>
		<relationship name="platform">
			<destination>{9cc85300-6306-42a5-bd14-3e5a71fdbc47}</destination>
		</relationship>
		<relationship name="encodable">
			<destination>{a81d88b3-ec6d-4afb-8212-29632a46de30}</destination>
		</relationship>
	</object>
</objects>
