<?xml version="1.0" encoding="UTF-8"?>
<objects serializationModel="Studio.02.02.00">
	<object class="EncodingSetting" id="{6c6e86c0-54af-454a-b39a-ed1559c6abdf}">
		<property name="encodingFormat">
			<value>3</value>
		</property>
		<property name="quality">
			<value>70</value>
		</property>
		<relationship name="platform">
			<destination>{9cc85300-6306-42a5-bd14-3e5a71fdbc47}</destination>
		</relationship>
		<relationship name="encodable">
			<destination>{8e841b73-70b6-4b0e-b727-fc8f67dcc0d1}</destination>
		</relationship>
	</object>
</objects>
