<?xml version="1.0" encoding="UTF-8"?>
<objects serializationModel="Studio.02.02.00">
	<object class="EncodingSetting" id="{7ecb3adf-eb8c-4ee1-a94f-e95a2ad1bca4}">
		<property name="encodingFormat">
			<value>3</value>
		</property>
		<property name="quality">
			<value>70</value>
		</property>
		<relationship name="platform">
			<destination>{9cc85300-6306-42a5-bd14-3e5a71fdbc47}</destination>
		</relationship>
		<relationship name="encodable">
			<destination>{486209c6-6264-4dc8-b20e-c594ef8c2fdb}</destination>
		</relationship>
	</object>
</objects>
