<?xml version="1.0" encoding="UTF-8"?>
<objects serializationModel="Studio.02.02.00">
	<object class="EncodingSetting" id="{92311685-164c-4e15-88be-1be480fc55d6}">
		<property name="encodingFormat">
			<value>3</value>
		</property>
		<property name="quality">
			<value>72</value>
		</property>
		<relationship name="platform">
			<destination>{9cc85300-6306-42a5-bd14-3e5a71fdbc47}</destination>
		</relationship>
		<relationship name="encodable">
			<destination>{f790de42-4ba7-464a-b2fc-67f4d962b872}</destination>
		</relationship>
	</object>
</objects>
