<?xml version="1.0" encoding="UTF-8"?>
<objects serializationModel="Studio.02.02.00">
	<object class="EncodingSetting" id="{963a0c20-63b6-4e3a-a337-c134bd75689b}">
		<property name="encodingFormat">
			<value>3</value>
		</property>
		<property name="quality">
			<value>69</value>
		</property>
		<relationship name="platform">
			<destination>{9cc85300-6306-42a5-bd14-3e5a71fdbc47}</destination>
		</relationship>
		<relationship name="encodable">
			<destination>{5503a47a-b9eb-40df-9049-5430558e547f}</destination>
		</relationship>
	</object>
</objects>
