<?xml version="1.0" encoding="UTF-8"?>
<objects serializationModel="Studio.02.02.00">
	<object class="EncodingSetting" id="{99d67511-199b-49fd-8099-7cbc3f671044}">
		<property name="encodingFormat">
			<value>3</value>
		</property>
		<property name="quality">
			<value>72</value>
		</property>
		<relationship name="platform">
			<destination>{9cc85300-6306-42a5-bd14-3e5a71fdbc47}</destination>
		</relationship>
		<relationship name="encodable">
			<destination>{68f05fcd-ab03-46c2-80f8-8971c1a40cb3}</destination>
		</relationship>
	</object>
</objects>
