<?xml version="1.0" encoding="UTF-8"?>
<objects serializationModel="Studio.02.02.00">
	<object class="EncodingSetting" id="{a4445f62-02f5-4121-bd16-61ddf9c288dc}">
		<property name="encodingFormat">
			<value>3</value>
		</property>
		<property name="quality">
			<value>69</value>
		</property>
		<relationship name="platform">
			<destination>{9cc85300-6306-42a5-bd14-3e5a71fdbc47}</destination>
		</relationship>
		<relationship name="encodable">
			<destination>{60ed011c-cc82-4c0c-95c2-b0c7c94ac86b}</destination>
		</relationship>
	</object>
</objects>
