<?xml version="1.0" encoding="UTF-8"?>
<objects serializationModel="Studio.02.02.00">
	<object class="EncodingSetting" id="{b29fe55a-e32a-4c52-8409-0f39481e1430}">
		<property name="encodingFormat">
			<value>3</value>
		</property>
		<property name="quality">
			<value>71</value>
		</property>
		<relationship name="platform">
			<destination>{9cc85300-6306-42a5-bd14-3e5a71fdbc47}</destination>
		</relationship>
		<relationship name="encodable">
			<destination>{f3f283ca-41c9-4aad-9387-dd3a4a936f27}</destination>
		</relationship>
	</object>
</objects>
