<?xml version="1.0" encoding="UTF-8"?>
<objects serializationModel="Studio.02.02.00">
	<object class="EncodingSetting" id="{b73d2485-0962-4fad-b866-13cf7b3a5c23}">
		<property name="encodingFormat">
			<value>3</value>
		</property>
		<property name="quality">
			<value>69</value>
		</property>
		<relationship name="platform">
			<destination>{9cc85300-6306-42a5-bd14-3e5a71fdbc47}</destination>
		</relationship>
		<relationship name="encodable">
			<destination>{727414bb-cde1-4425-8b7e-6fee8386d71e}</destination>
		</relationship>
	</object>
</objects>
