<?xml version="1.0" encoding="UTF-8"?>
<objects serializationModel="Studio.02.02.00">
	<object class="EncodingSetting" id="{bacac05a-7344-4603-b8a1-027e1f9c7ba3}">
		<property name="encodingFormat">
			<value>3</value>
		</property>
		<property name="quality">
			<value>69</value>
		</property>
		<relationship name="platform">
			<destination>{9cc85300-6306-42a5-bd14-3e5a71fdbc47}</destination>
		</relationship>
		<relationship name="encodable">
			<destination>{40ccac1e-70a1-441c-8991-2405907b1e80}</destination>
		</relationship>
	</object>
</objects>
