<?xml version="1.0" encoding="UTF-8"?>
<objects serializationModel="Studio.02.02.00">
	<object class="EncodingSetting" id="{c18adb2f-3078-44e3-8ff0-84807e18e3e5}">
		<property name="encodingFormat">
			<value>3</value>
		</property>
		<property name="quality">
			<value>70</value>
		</property>
		<relationship name="platform">
			<destination>{9cc85300-6306-42a5-bd14-3e5a71fdbc47}</destination>
		</relationship>
		<relationship name="encodable">
			<destination>{3d4b1a7a-52c7-4de3-b1a2-e2bbdac7afd5}</destination>
		</relationship>
	</object>
</objects>
