<?xml version="1.0" encoding="UTF-8"?>
<objects serializationModel="Studio.02.02.00">
	<object class="EncodingSetting" id="{cdc3452e-a65c-4126-a04a-40406d4bed08}">
		<property name="encodingFormat">
			<value>3</value>
		</property>
		<property name="quality">
			<value>70</value>
		</property>
		<relationship name="platform">
			<destination>{9cc85300-6306-42a5-bd14-3e5a71fdbc47}</destination>
		</relationship>
		<relationship name="encodable">
			<destination>{f6cec48f-2449-42da-a405-4549341e0dd0}</destination>
		</relationship>
	</object>
</objects>
