<?xml version="1.0" encoding="UTF-8"?>
<objects serializationModel="Studio.02.02.00">
	<object class="EncodingSetting" id="{f1ce844d-2d57-4172-a231-ffda215c4878}">
		<property name="encodingFormat">
			<value>3</value>
		</property>
		<property name="quality">
			<value>70</value>
		</property>
		<relationship name="platform">
			<destination>{9cc85300-6306-42a5-bd14-3e5a71fdbc47}</destination>
		</relationship>
		<relationship name="encodable">
			<destination>{5ae8ca15-e45a-4f2f-92c5-429050e4f30d}</destination>
		</relationship>
	</object>
</objects>
